"Station Name","SUDBURY A"
"Province","ONTARIO"
"Latitude","46.63"
"Longitude","-80.80"
"Elevation","348.40"
"Climate Identifier","6068153"
"WMO Identifier","71730"
"TC Identifier","YSB"
"All times are specified in Local Standard Time (LST). Add 1 hour to adjust for Daylight Saving Time where and when it is observed."

"Legend"
"E","Estimated"
"M","Missing"
"NA","Not Available"

"Date/Time","Year","Month","Day","Time","Temp (°C)","Temp Flag","Dew Point Temp (°C)","Dew Point Temp Flag","Rel Hum (%)","Rel Hum Flag","Wind Dir (10s deg)","Wind Dir Flag","Wind Spd (km/h)","Wind Spd Flag","Visibility (km)","Visibility Flag","Stn Press (kPa)","Stn Press Flag","Hmdx","Hmdx Flag","Wind Chill","Wind Chill Flag","Weather"
"2016-02-01 00:00","2016","02","01","00:00","-0.2","","-0.5","","98","","36","","19","","4.0","","95.59","","","","-5","","Snow"
"2016-02-01 01:00","2016","02","01","01:00","-1.2","","-2.0","","94","","35","","20","","4.0","","95.69","","","","-7","","Snow,Blowing Snow"
"2016-02-01 02:00","2016","02","01","02:00","-1.8","","-3.1","","91","","35","","19","","3.6","","95.77","","","","-7","","Snow"
"2016-02-01 03:00","2016","02","01","03:00","-2.0","","-3.3","","91","","31","","17","","12.9","","95.95","","","","-7","","Snow"
"2016-02-01 04:00","2016","02","01","04:00","-2.2","","-2.9","","95","","30","","11","","9.7","","96.06","","","","-6","","Snow"
"2016-02-01 05:00","2016","02","01","05:00","-2.5","","-3.2","","95","","28","","8","","24.1","","96.18","","","","-6","","Snow"
"2016-02-01 06:00","2016","02","01","06:00","-2.2","","-2.9","","95","","25","","7","","24.1","","96.31","","","","-5","","Snow"
"2016-02-01 07:00","2016","02","01","07:00","-3.2","","-3.6","","97","","36","","2","","24.1","","96.39","","","","-4","","Snow"
"2016-02-01 08:00","2016","02","01","08:00","-2.7","","-3.1","","97","","19","","4","","6.4","","96.46","","","","-4","","Snow,Fog"
"2016-02-01 09:00","2016","02","01","09:00","-2.2","","-2.6","","97","","2","","6","","19.3","","96.53","","","","-5","","NA"
"2016-02-01 10:00","2016","02","01","10:00","-3.4","","-4.4","","93","","2","","19","","1.6","","96.64","","","","-9","","Snow"
"2016-02-01 11:00","2016","02","01","11:00","-4.6","","-6.3","","88","","35","","19","","32.2","","96.78","","","","-11","","Snow"
"2016-02-01 12:00","2016","02","01","12:00","-4.5","","-6.5","","86","","35","","18","","32.2","","96.86","","","","-11","","NA"
"2016-02-01 13:00","2016","02","01","13:00","-4.8","","-6.9","","85","","35","","16","","32.2","","96.93","","","","-11","","Cloudy"
"2016-02-01 14:00","2016","02","01","14:00","-4.6","","-7.1","","83","","34","","14","","32.2","","97.00","","","","-10","","NA"
"2016-02-01 15:00","2016","02","01","15:00","-4.9","","-7.5","","82","","34","","17","","32.2","","97.11","","","","-11","","NA"
"2016-02-01 16:00","2016","02","01","16:00","-5.6","","-8.2","","82","","35","","18","","32.2","","97.20","","","","-12","","Mostly Cloudy"
"2016-02-01 17:00","2016","02","01","17:00","-6.8","","-9.1","","84","","34","","9","","32.2","","97.33","","","","-11","","NA"
"2016-02-01 18:00","2016","02","01","18:00","-7.4","","-9.2","","87","","35","","10","","24.1","","97.47","","","","-12","","NA"
"2016-02-01 19:00","2016","02","01","19:00","-8.1","","-9.8","","88","","35","","11","","24.1","","97.54","","","","-13","","Cloudy"
"2016-02-01 20:00","2016","02","01","20:00","-7.9","","-10.0","","85","","33","","9","","24.1","","97.62","","","","-12","","NA"
"2016-02-01 21:00","2016","02","01","21:00","-8.9","","-11.0","","85","","36","","10","","24.1","","97.65","","","","-14","","NA"
"2016-02-01 22:00","2016","02","01","22:00","-10.1","","-11.6","","89","","3","","11","","24.1","","97.71","","","","-16","","Mainly Clear"
"2016-02-01 23:00","2016","02","01","23:00","-11.4","","-13.0","","88","","7","","10","","24.1","","97.75","","","","-17","","NA"
"2016-02-02 00:00","2016","02","02","00:00","-10.6","","-11.9","","90","","9","","9","","24.1","","97.79","","","","-16","","NA"
"2016-02-02 01:00","2016","02","02","01:00","-11.9","","-13.1","","91","","18","","5","","24.1","","97.87","","","","-15","","Mostly Cloudy"
"2016-02-02 02:00","2016","02","02","02:00","-11.4","","-12.3","","93","","14","","7","","24.1","","97.88","","","","-16","","NA"
"2016-02-02 03:00","2016","02","02","03:00","-12.4","","-13.4","","92","","28","","3","","24.1","","97.99","","","","-14","","NA"
"2016-02-02 04:00","2016","02","02","04:00","-12.4","","-13.7","","90","","6","","5","","24.1","","98.01","","","","-16","","Snow"
"2016-02-02 05:00","2016","02","02","05:00","-12.6","","-13.5","","93","","14","","5","","24.1","","98.03","","","","-16","","NA"
"2016-02-02 06:00","2016","02","02","06:00","-14.4","","-15.6","","91","","21","","5","","24.1","","98.17","","","","-18","","NA"
"2016-02-02 07:00","2016","02","02","07:00","-10.9","","-12.0","","92","","17","","11","","24.1","","98.22","","","","-17","","Mostly Cloudy"
"2016-02-02 08:00","2016","02","02","08:00","-11.4","","-12.6","","91","","22","","8","","32.2","","98.29","","","","-16","","NA"
"2016-02-02 09:00","2016","02","02","09:00","-10.4","","-11.6","","91","","18","","11","","32.2","","98.34","","","","-16","","NA"
"2016-02-02 10:00","2016","02","02","10:00","-9.1","","-10.3","","91","","19","","11","","32.2","","98.36","","","","-15","","Mostly Cloudy"
"2016-02-02 11:00","2016","02","02","11:00","-7.5","","-8.9","","90","","21","","14","","32.2","","98.37","","","","-13","","NA"
"2016-02-02 12:00","2016","02","02","12:00","-6.8","","-8.3","","89","","17","","7","","32.2","","98.32","","","","-10","","NA"
"2016-02-02 13:00","2016","02","02","13:00","-5.4","","-8.0","","82","","15","","10","","32.2","","98.25","","","","-10","","Cloudy"
"2016-02-02 14:00","2016","02","02","14:00","-4.5","","-7.1","","82","","16","","10","","32.2","","98.19","","","","-9","","NA"
"2016-02-02 15:00","2016","02","02","15:00","-4.1","","-6.4","","84","","15","","9","","32.2","","98.15","","","","-8","","NA"
"2016-02-02 16:00","2016","02","02","16:00","-3.8","","-6.0","","85","","14","","10","","32.2","","98.13","","","","-8","","Cloudy"
"2016-02-02 17:00","2016","02","02","17:00","-4.3","","-5.4","","92","","9","","12","","32.2","","98.05","","","","-9","","NA"
"2016-02-02 18:00","2016","02","02","18:00","-4.8","","-5.9","","92","","10","","17","","24.1","","97.97","","","","-11","","NA"
"2016-02-02 19:00","2016","02","02","19:00","-4.9","","-6.0","","92","","8","","15","","24.1","","97.95","","","","-10","","Cloudy"
"2016-02-02 20:00","2016","02","02","20:00","-4.8","","-6.2","","90","","8","","14","","24.1","","97.92","","","","-10","","NA"
"2016-02-02 21:00","2016","02","02","21:00","-4.8","","-6.2","","90","","9","","17","","24.1","","97.78","","","","-11","","NA"
"2016-02-02 22:00","2016","02","02","22:00","-4.7","","-6.0","","91","","11","","21","","1.6","","97.67","","","","-11","","Snow"
"2016-02-02 23:00","2016","02","02","23:00","-4.8","","-5.8","","93","","9","","30","","3.2","","97.34","","","","-13","","Snow"
"2016-02-03 00:00","2016","02","03","00:00","-4.7","","-5.8","","92","","9","","25","","4.8","","97.28","","","","-12","","Snow"
"2016-02-03 01:00","2016","02","03","01:00","-4.8","","-5.9","","92","","9","","26","","1.6","","97.16","","","","-12","","Snow"
"2016-02-03 02:00","2016","02","03","02:00","-5.0","","-6.0","","93","","7","","24","","1.2","","96.89","","","","-12","","Snow,Blowing Snow"
"2016-02-03 03:00","2016","02","03","03:00","-5.1","","-6.2","","92","","7","","34","","1.2","","96.56","","","","-14","","Snow,Blowing Snow"
"2016-02-03 04:00","2016","02","03","04:00","-4.8","","-5.9","","92","","8","","37","","1.6","","96.50","","","","-14","","Snow,Blowing Snow"
"2016-02-03 05:00","2016","02","03","05:00","-5.0","","-6.3","","91","","8","","26","","16.1","","96.31","","","","-12","","Freezing Drizzle,Snow"
"2016-02-03 06:00","2016","02","03","06:00","-4.3","","-5.1","","94","","8","","29","","16.1","","96.13","","","","-12","","Freezing Rain,Snow"
"2016-02-03 07:00","2016","02","03","07:00","-4.5","","-5.3","","94","","8","","22","","16.1","","95.95","","","","-11","","Freezing Rain"
"2016-02-03 08:00","2016","02","03","08:00","-3.6","","-4.3","","95","","7","","24","","4.8","","95.77","","","","-10","","Moderate Freezing Rain,Fog"
"2016-02-03 09:00","2016","02","03","09:00","-2.2","","-2.8","","96","","9","","24","","8.1","","95.62","","","","-9","","Freezing Rain,Fog"
"2016-02-03 10:00","2016","02","03","10:00","-1.4","","-2.0","","96","","9","","16","","4.0","","95.57","","","","-6","","Freezing Rain,Fog"
"2016-02-03 11:00","2016","02","03","11:00","-2.0","","-2.4","","97","","36","","1","","3.2","","95.50","","","","-2","","Freezing Rain,Fog"
"2016-02-03 12:00","2016","02","03","12:00","-1.5","","-1.9","","97","","3","","11","","1.6","","95.46","","","","-5","","Freezing Drizzle,Fog"
"2016-02-03 13:00","2016","02","03","13:00","-1.3","","-1.7","","97","","34","","8","","1.6","","95.42","","","","-4","","Freezing Drizzle,Fog"
"2016-02-03 14:00","2016","02","03","14:00","-0.9","","-1.3","","97","","1","","9","","1.2","","95.37","","","","-4","","Freezing Drizzle,Fog"
"2016-02-03 15:00","2016","02","03","15:00","-1.5","","-1.8","","98","","4","","9","","0.4","","95.40","","","","-5","","Freezing Drizzle,Freezing Fog"
"2016-02-03 16:00","2016","02","03","16:00","-0.7","","-1.0","","98","","29","","8","","0.4","","95.52","","","","-4","","Freezing Drizzle,Freezing Fog"
"2016-02-03 17:00","2016","02","03","17:00","-0.7","","-0.8","","99","","36","","2","","1.0","","95.51","","","","-1","","Freezing Drizzle,Fog"
"2016-02-03 18:00","2016","02","03","18:00","-0.5","","-0.6","","99","","33","","4","","1.0","","95.58","","","","-2","","Snow,Fog"
"2016-02-03 19:00","2016","02","03","19:00","-1.0","","-1.1","","99","","33","","4","","2.4","","95.65","","","","-2","","Snow"
"2016-02-03 20:00","2016","02","03","20:00","-2.2","","-2.6","","97","","33","","16","","3.2","","95.79","","","","-7","","Snow"
"2016-02-03 21:00","2016","02","03","21:00","-3.5","","-4.9","","90","","33","","16","","4.0","","95.94","","","","-9","","Snow"
"2016-02-03 22:00","2016","02","03","22:00","-4.1","","-6.0","","87","","33","","17","","24.1","","96.08","","","","-10","","Cloudy"
"2016-02-03 23:00","2016","02","03","23:00","-5.1","","-7.1","","86","","31","","21","","24.1","","96.17","","","","-12","","NA"
"2016-02-04 00:00","2016","02","04","00:00","-5.9","","-7.9","","86","","31","","20","","24.1","","96.34","","","","-13","","NA"
"2016-02-04 01:00","2016","02","04","01:00","-8.0","","-9.7","","88","","31","","20","","24.1","","96.49","","","","-15","","Snow"
"2016-02-04 02:00","2016","02","04","02:00","-10.0","","-12.2","","84","","32","","22","","24.1","","96.63","","","","-18","","Snow"
"2016-02-04 03:00","2016","02","04","03:00","-12.1","","-14.4","","83","","32","","16","","24.1","","96.79","","","","-20","","NA"
"2016-02-04 04:00","2016","02","04","04:00","-13.6","","-16.2","","81","","33","","14","","24.1","","96.89","","","","-21","","Mainly Clear"
"2016-02-04 05:00","2016","02","04","05:00","-14.5","","-16.9","","82","","35","","17","","24.1","","97.03","","","","-23","","NA"
"2016-02-04 06:00","2016","02","04","06:00","-15.9","","-18.2","","83","","35","","14","","24.1","","97.14","","","","-24","","NA"
"2016-02-04 07:00","2016","02","04","07:00","-16.7","","-18.8","","84","","32","","9","","32.2","","97.27","","","","-23","","Clear"
"2016-02-04 08:00","2016","02","04","08:00","-17.5","","-19.6","","84","","33","","7","","32.2","","97.40","","","","-23","","NA"
"2016-02-04 09:00","2016","02","04","09:00","-16.6","","-19.0","","82","","33","","13","","32.2","","97.53","","","","-24","","NA"
"2016-02-04 10:00","2016","02","04","10:00","-15.3","","-18.2","","79","","35","","11","","32.2","","97.60","","","","-22","","Mainly Clear"
"2016-02-04 11:00","2016","02","04","11:00","-14.5","","-17.5","","78","","30","","5","","32.2","","97.70","","","","-18","","NA"
"2016-02-04 12:00","2016","02","04","12:00","-12.9","","-16.0","","78","","36","","4","","32.2","","97.69","","","","-16","","NA"
"2016-02-04 13:00","2016","02","04","13:00","-12.4","","-15.3","","79","","36","","2","","32.2","","97.67","","","","-14","","Mainly Clear"
"2016-02-04 14:00","2016","02","04","14:00","-11.6","","-14.7","","78","","5","","10","","32.2","","97.65","","","","-17","","NA"
"2016-02-04 15:00","2016","02","04","15:00","-10.8","","-13.8","","79","","10","","3","","32.2","","97.72","","","","-13","","NA"
"2016-02-04 16:00","2016","02","04","16:00","-10.6","","-13.6","","79","","36","","3","","32.2","","97.75","","","","-12","","Mostly Cloudy"
"2016-02-04 17:00","2016","02","04","17:00","-10.7","","-13.7","","79","","20","","7","","32.2","","97.81","","","","-15","","NA"
"2016-02-04 18:00","2016","02","04","18:00","-10.7","","-13.8","","78","","30","","3","","16.1","","97.83","","","","-13","","NA"
"2016-02-04 19:00","2016","02","04","19:00","-10.9","","-13.0","","85","","32","","4","","16.1","","97.90","","","","-13","","Snow"
"2016-02-04 20:00","2016","02","04","20:00","-11.2","","-13.0","","87","","31","","3","","4.0","","97.92","","","","-13","","Snow"
"2016-02-04 21:00","2016","02","04","21:00","-11.3","","-12.6","","90","","36","","2","","16.1","","97.95","","","","-13","","Snow"
"2016-02-04 22:00","2016","02","04","22:00","-13.3","","-14.6","","90","","27","","7","","24.1","","97.94","","","","-18","","Snow"
"2016-02-04 23:00","2016","02","04","23:00","-13.5","","-14.4","","93","","30","","9","","24.1","","97.91","","","","-19","","NA"
"2016-02-05 00:00","2016","02","05","00:00","-13.6","","-14.8","","91","","31","","8","","24.1","","97.96","","","","-19","","NA"
"2016-02-05 01:00","2016","02","05","01:00","-15.6","","-17.4","","86","","30","","7","","12.9","","98.02","","","","-21","","Fog"
"2016-02-05 02:00","2016","02","05","02:00","-14.8","","-16.5","","87","","0","","1","","24.1","","98.06","","","","-16","","NA"
"2016-02-05 03:00","2016","02","05","03:00","-16.8","","-18.8","","85","","29","","4","","12.9","","98.13","","","","-20","","Snow"
"2016-02-05 04:00","2016","02","05","04:00","-15.4","","-17.1","","87","","24","","4","","24.1","","98.09","","","","-18","","Cloudy"
"2016-02-05 05:00","2016","02","05","05:00","-12.3","","-13.8","","89","","36","","2","","19.3","","98.07","","","","-14","","Snow"
"2016-02-05 06:00","2016","02","05","06:00","-13.6","","-15.2","","88","","9","","7","","19.3","","98.05","","","","-18","","Snow"
"2016-02-05 07:00","2016","02","05","07:00","-13.8","","-15.5","","87","","19","","7","","24.1","","98.07","","","","-18","","Snow"
"2016-02-05 08:00","2016","02","05","08:00","-13.5","","-15.1","","88","","17","","7","","24.1","","98.10","","","","-18","","Snow"
"2016-02-05 09:00","2016","02","05","09:00","-13.0","","-14.6","","88","","18","","9","","16.1","","98.09","","","","-18","","Snow"
"2016-02-05 10:00","2016","02","05","10:00","-11.9","","-13.4","","89","","16","","15","","9.7","","98.05","","","","-19","","Snow"
"2016-02-05 11:00","2016","02","05","11:00","-10.1","","-11.3","","91","","19","","16","","4.8","","98.06","","","","-17","","Snow"
"2016-02-05 12:00","2016","02","05","12:00","-8.8","","-10.0","","91","","22","","12","","12.9","","98.01","","","","-14","","Snow"
"2016-02-05 13:00","2016","02","05","13:00","-7.3","","-8.2","","93","","20","","13","","16.1","","97.97","","","","-13","","Snow"
"2016-02-05 14:00","2016","02","05","14:00","-5.3","","-6.7","","90","","27","","11","","2.4","","97.95","","","","-10","","Snow"
"2016-02-05 15:00","2016","02","05","15:00","-5.2","","-7.3","","85","","29","","12","","4.8","","97.95","","","","-10","","Snow"
"2016-02-05 16:00","2016","02","05","16:00","-5.5","","-7.2","","88","","30","","8","","0.8","","97.98","","","","-9","","Snow"
"2016-02-05 17:00","2016","02","05","17:00","-5.8","","-6.9","","92","","31","","12","","0.8","","98.00","","","","-11","","Moderate Snow"
"2016-02-05 18:00","2016","02","05","18:00","-7.2","","-8.1","","93","","33","","5","","24.1","","98.04","","","","-10","","NA"
"2016-02-05 19:00","2016","02","05","19:00","-6.8","","-7.8","","93","","28","","3","","24.1","","98.05","","","","-8","","Cloudy"
"2016-02-05 20:00","2016","02","05","20:00","-7.1","","-8.9","","87","","32","","4","","16.1","","98.03","","","","-9","","NA"
"2016-02-05 21:00","2016","02","05","21:00","-7.1","","-8.8","","88","","25","","4","","4.8","","97.99","","","","-9","","Snow"
"2016-02-05 22:00","2016","02","05","22:00","-7.3","","-8.2","","93","","29","","3","","4.0","","97.97","","","","-9","","Snow"
"2016-02-05 23:00","2016","02","05","23:00","-8.5","","-9.6","","92","","8","","5","","24.1","","97.93","","","","-11","","Snow"
"2016-02-06 00:00","2016","02","06","00:00","-9.8","","-10.6","","94","","14","","5","","24.1","","97.88","","","","-13","","Snow"
"2016-02-06 01:00","2016","02","06","01:00","-9.0","","-9.9","","93","","19","","11","","24.1","","97.80","","","","-14","","Snow"
"2016-02-06 02:00","2016","02","06","02:00","-10.3","","-11.1","","94","","22","","8","","24.1","","97.77","","","","-15","","Snow"
"2016-02-06 03:00","2016","02","06","03:00","-9.8","","-10.7","","93","","22","","9","","19.3","","97.71","","","","-15","","Snow"
"2016-02-06 04:00","2016","02","06","04:00","-9.8","","-10.9","","92","","21","","8","","19.3","","97.65","","","","-14","","Snow"
"2016-02-06 05:00","2016","02","06","05:00","-8.8","","-10.0","","91","","20","","14","","4.8","","97.61","","","","-15","","Snow"
"2016-02-06 06:00","2016","02","06","06:00","-8.7","","-10.1","","90","","18","","21","","12.9","","97.55","","","","-16","","Snow"
"2016-02-06 07:00","2016","02","06","07:00","-8.0","","-9.2","","91","","19","","26","","4.0","","97.46","","","","-16","","Snow,Blowing Snow"
"2016-02-06 08:00","2016","02","06","08:00","-7.1","","-8.2","","92","","20","","25","","4.0","","97.38","","","","-15","","Snow,Blowing Snow"
"2016-02-06 09:00","2016","02","06","09:00","-5.0","","-6.8","","87","","22","","26","","4.8","","97.34","","","","-12","","Snow,Blowing Snow"
"2016-02-06 10:00","2016","02","06","10:00","-4.2","","-6.1","","87","","23","","27","","12.9","","97.32","","","","-12","","Snow,Blowing Snow"
"2016-02-06 11:00","2016","02","06","11:00","-3.4","","-5.1","","88","","24","","24","","11.3","","97.31","","","","-10","","Snow,Blowing Snow"
"2016-02-06 12:00","2016","02","06","12:00","-2.7","","-4.9","","85","","23","","29","","16.1","","97.24","","","","-10","","Snow,Blowing Snow"
"2016-02-06 13:00","2016","02","06","13:00","-2.5","","-5.2","","82","","23","","29","","24.1","","97.18","","","","-10","","Snow,Blowing Snow"
"2016-02-06 14:00","2016","02","06","14:00","-2.4","","-5.1","","82","","24","","20","","24.1","","97.16","","","","-8","","Blowing Snow"
"2016-02-06 15:00","2016","02","06","15:00","-2.3","","-5.0","","82","","25","","21","","24.1","","97.14","","","","-8","","Snow,Blowing Snow"
"2016-02-06 16:00","2016","02","06","16:00","-2.7","","-4.9","","85","","26","","19","","16.1","","97.19","","","","-8","","Snow,Blowing Snow"
"2016-02-06 17:00","2016","02","06","17:00","-3.0","","-4.9","","87","","26","","19","","12.9","","97.24","","","","-9","","Snow,Blowing Snow"
"2016-02-06 18:00","2016","02","06","18:00","-3.2","","-5.5","","84","","26","","22","","16.1","","97.31","","","","-10","","Snow,Blowing Snow"
"2016-02-06 19:00","2016","02","06","19:00","-3.7","","-5.6","","87","","26","","13","","16.1","","97.37","","","","-9","","Snow,Blowing Snow"
"2016-02-06 20:00","2016","02","06","20:00","-3.9","","-5.3","","90","","27","","10","","8.1","","97.42","","","","-8","","Snow"
"2016-02-06 21:00","2016","02","06","21:00","-4.2","","-5.9","","88","","29","","16","","8.1","","97.43","","","","-10","","Snow"
"2016-02-06 22:00","2016","02","06","22:00","-5.0","","-6.4","","90","","30","","8","","8.1","","97.44","","","","-9","","Snow"
"2016-02-06 23:00","2016","02","06","23:00","-5.2","","-6.0","","94","","29","","4","","8.1","","97.44","","","","-7","","Snow"
"2016-02-07 00:00","2016","02","07","00:00","-6.6","","-8.4","","87","","3","","17","","24.1","","97.45","","","","-13","","Snow"
"2016-02-07 01:00","2016","02","07","01:00","-8.9","","-10.4","","89","","3","","26","","4.8","","97.44","","","","-18","","Snow,Heavy Ice Pellet Showers"
"2016-02-07 02:00","2016","02","07","02:00","-10.6","","-11.9","","90","","4","","23","","11.3","","97.43","","","","-19","","Snow"
"2016-02-07 03:00","2016","02","07","03:00","-11.5","","-13.1","","88","","5","","22","","11.3","","97.47","","","","-20","","Snow"
"2016-02-07 04:00","2016","02","07","04:00","-13.0","","-15.0","","85","","6","","21","","9.7","","97.47","","","","-22","","Snow"
"2016-02-07 05:00","2016","02","07","05:00","-14.1","","-16.4","","83","","6","","26","","11.3","","97.41","","","","-24","","Snow,Blowing Snow"
"2016-02-07 06:00","2016","02","07","06:00","-14.4","","-16.5","","84","","7","","21","","8.1","","97.42","","","","-24","","Snow,Blowing Snow"
"2016-02-07 07:00","2016","02","07","07:00","-14.7","","-17.0","","83","","7","","26","","24.1","","97.39","","","","-25","","Snow,Blowing Snow"
"2016-02-07 08:00","2016","02","07","08:00","-14.8","","-17.1","","83","","7","","20","","4.0","","97.38","","","","-24","","Snow,Blowing Snow"
"2016-02-07 09:00","2016","02","07","09:00","-14.6","","-16.7","","84","","6","","27","","24.1","","97.26","","","","-25","","Snow,Blowing Snow"
"2016-02-07 10:00","2016","02","07","10:00","-14.0","","-16.3","","83","","6","","21","","8.1","","97.28","","","","-23","","Snow,Blowing Snow"
"2016-02-07 11:00","2016","02","07","11:00","-13.3","","-15.6","","83","","6","","23","","24.1","","97.24","","","","-23","","Snow,Blowing Snow"
"2016-02-07 12:00","2016","02","07","12:00","-12.3","","-14.5","","84","","7","","24","","16.1","","97.17","","","","-22","","Snow,Blowing Snow"
"2016-02-07 13:00","2016","02","07","13:00","-11.6","","-13.5","","86","","8","","21","","8.1","","97.07","","","","-20","","Snow,Blowing Snow"
"2016-02-07 14:00","2016","02","07","14:00","-10.5","","-12.4","","86","","7","","22","","4.8","","96.94","","","","-19","","Snow,Blowing Snow"
"2016-02-07 15:00","2016","02","07","15:00","-9.7","","-11.5","","87","","8","","20","","4.0","","96.91","","","","-17","","Snow,Blowing Snow"
"2016-02-07 16:00","2016","02","07","16:00","-8.7","","-10.3","","88","","8","","25","","1.6","","96.82","","","","-17","","Snow,Blowing Snow"
"2016-02-07 17:00","2016","02","07","17:00","-7.6","","-9.0","","90","","8","","24","","3.2","","96.82","","","","-16","","Snow,Blowing Snow"
"2016-02-07 18:00","2016","02","07","18:00","-6.8","","-7.9","","92","","8","","21","","3.2","","96.82","","","","-14","","Snow,Blowing Snow"
"2016-02-07 19:00","2016","02","07","19:00","-5.9","","-6.9","","93","","9","","23","","24.1","","96.79","","","","-13","","Snow,Blowing Snow"
"2016-02-07 20:00","2016","02","07","20:00","-5.2","","-5.9","","95","","10","","23","","24.1","","96.75","","","","-12","","Snow,Blowing Snow"
"2016-02-07 21:00","2016","02","07","21:00","-4.9","","-5.4","","96","","11","","21","","19.3","","96.72","","","","-12","","Snow,Blowing Snow"
"2016-02-07 22:00","2016","02","07","22:00","-4.5","","-5.2","","95","","11","","25","","19.3","","96.67","","","","-12","","Snow,Blowing Snow"
"2016-02-07 23:00","2016","02","07","23:00","-4.6","","-5.4","","94","","11","","23","","19.3","","96.60","","","","-12","","Blowing Snow"
"2016-02-08 00:00","2016","02","08","00:00","-4.4","","-5.4","","93","","11","","25","","24.1","","96.56","","","","-12","","Blowing Snow"
"2016-02-08 01:00","2016","02","08","01:00","-4.6","","-5.6","","93","","11","","23","","24.1","","96.51","","","","-12","","Blowing Snow"
"2016-02-08 02:00","2016","02","08","02:00","-4.5","","-5.5","","93","","10","","23","","2.4","","96.44","","","","-11","","Snow,Blowing Snow"
"2016-02-08 03:00","2016","02","08","03:00","-4.2","","-5.0","","94","","10","","22","","11.3","","96.41","","","","-11","","Snow,Blowing Snow"
"2016-02-08 04:00","2016","02","08","04:00","-3.9","","-4.7","","94","","11","","22","","9.7","","96.37","","","","-10","","Snow,Blowing Snow"
"2016-02-08 05:00","2016","02","08","05:00","-3.7","","-4.4","","95","","11","","21","","4.0","","96.35","","","","-10","","Snow,Blowing Snow"
"2016-02-08 06:00","2016","02","08","06:00","-3.6","","-4.3","","95","","11","","18","","11.3","","96.36","","","","-9","","Snow,Blowing Snow"
"2016-02-08 07:00","2016","02","08","07:00","-3.8","","-4.5","","95","","11","","18","","11.3","","96.35","","","","-10","","Snow,Blowing Snow"
"2016-02-08 08:00","2016","02","08","08:00","-4.1","","-4.9","","94","","11","","25","","11.3","","96.37","","","","-11","","Snow,Blowing Snow"
"2016-02-08 09:00","2016","02","08","09:00","-4.4","","-5.5","","92","","10","","21","","8.1","","96.37","","","","-11","","Snow,Blowing Snow"
"2016-02-08 10:00","2016","02","08","10:00","-4.2","","-5.2","","93","","10","","18","","11.3","","96.36","","","","-10","","Snow,Blowing Snow"
"2016-02-08 11:00","2016","02","08","11:00","-4.5","","-5.8","","91","","9","","23","","2.4","","96.36","","","","-11","","Snow,Blowing Snow"
"2016-02-08 12:00","2016","02","08","12:00","-4.4","","-6.0","","89","","9","","22","","1.2","","96.33","","","","-11","","Snow,Blowing Snow"
"2016-02-08 13:00","2016","02","08","13:00","-4.7","","-6.2","","89","","8","","18","","3.2","","96.30","","","","-11","","Snow,Blowing Snow"
"2016-02-08 14:00","2016","02","08","14:00","-4.8","","-6.2","","90","","8","","16","","2.4","","96.25","","","","-11","","Snow,Blowing Snow"
"2016-02-08 15:00","2016","02","08","15:00","-4.9","","-6.3","","90","","7","","17","","3.2","","96.24","","","","-11","","Snow,Blowing Snow"
"2016-02-08 16:00","2016","02","08","16:00","-4.6","","-5.9","","91","","5","","17","","3.2","","96.25","","","","-10","","Snow"
"2016-02-08 17:00","2016","02","08","17:00","-4.9","","-5.7","","94","","4","","17","","3.2","","96.24","","","","-11","","Snow,Blowing Snow"
"2016-02-08 18:00","2016","02","08","18:00","-4.8","","-5.5","","95","","3","","21","","3.2","","96.25","","","","-11","","Snow"
"2016-02-08 19:00","2016","02","08","19:00","-4.6","","-5.3","","95","","4","","19","","3.2","","96.24","","","","-11","","Snow"
"2016-02-08 20:00","2016","02","08","20:00","-4.5","","-5.0","","96","","5","","12","","3.2","","96.22","","","","-9","","Snow"
"2016-02-08 21:00","2016","02","08","21:00","-3.7","","-4.4","","95","","9","","14","","3.2","","96.18","","","","-9","","Snow"
"2016-02-08 22:00","2016","02","08","22:00","-3.8","","-4.6","","94","","8","","16","","3.2","","96.15","","","","-9","","Snow"
"2016-02-08 23:00","2016","02","08","23:00","-4.0","","-5.0","","93","","10","","18","","4.8","","96.11","","","","-10","","Snow"
"2016-02-09 00:00","2016","02","09","00:00","-4.3","","-5.3","","93","","10","","17","","4.8","","96.12","","","","-10","","Snow"
"2016-02-09 01:00","2016","02","09","01:00","-4.6","","-5.9","","91","","10","","17","","9.7","","96.09","","","","-10","","Snow"
"2016-02-09 02:00","2016","02","09","02:00","-5.1","","-6.4","","91","","9","","18","","4.0","","96.06","","","","-11","","Snow"
"2016-02-09 03:00","2016","02","09","03:00","-5.6","","-6.8","","91","","8","","19","","4.8","","96.03","","","","-12","","Snow"
"2016-02-09 04:00","2016","02","09","04:00","-5.9","","-7.1","","91","","8","","15","","4.8","","96.00","","","","-12","","Snow"
"2016-02-09 05:00","2016","02","09","05:00","-6.2","","-7.4","","91","","7","","16","","4.0","","95.99","","","","-12","","Snow"
"2016-02-09 06:00","2016","02","09","06:00","-7.1","","-8.6","","89","","8","","20","","4.0","","95.98","","","","-14","","Snow"
"2016-02-09 07:00","2016","02","09","07:00","-7.6","","-9.3","","88","","8","","21","","4.0","","96.00","","","","-15","","Snow"
"2016-02-09 08:00","2016","02","09","08:00","-8.1","","-9.8","","88","","8","","16","","6.4","","96.02","","","","-15","","Snow"
"2016-02-09 09:00","2016","02","09","09:00","-8.1","","-10.0","","86","","6","","18","","6.4","","96.03","","","","-15","","Snow"
"2016-02-09 10:00","2016","02","09","10:00","-7.9","","-10.2","","84","","6","","14","","6.4","","96.01","","","","-14","","Snow"
"2016-02-09 11:00","2016","02","09","11:00","-7.8","","-10.1","","84","","3","","16","","6.4","","96.00","","","","-14","","Snow"
"2016-02-09 12:00","2016","02","09","12:00","-7.4","","-9.7","","84","","4","","16","","3.2","","95.97","","","","-14","","Snow"
"2016-02-09 13:00","2016","02","09","13:00","-6.9","","-9.2","","84","","3","","18","","8.1","","95.92","","","","-14","","Snow"
"2016-02-09 14:00","2016","02","09","14:00","-6.5","","-8.8","","84","","2","","23","","4.8","","95.87","","","","-14","","Snow"
"2016-02-09 15:00","2016","02","09","15:00","-6.3","","-8.3","","86","","2","","20","","4.8","","95.85","","","","-13","","Snow"
"2016-02-09 16:00","2016","02","09","16:00","-6.2","","-8.0","","87","","3","","25","","4.8","","95.88","","","","-14","","Snow"
"2016-02-09 17:00","2016","02","09","17:00","-6.6","","-8.1","","89","","2","","21","","9.7","","95.93","","","","-14","","Snow"
"2016-02-09 18:00","2016","02","09","18:00","-7.1","","-8.3","","91","","2","","21","","4.0","","95.99","","","","-14","","Snow"
"2016-02-09 19:00","2016","02","09","19:00","-7.7","","-9.1","","90","","3","","22","","9.7","","96.03","","","","-15","","Snow"
"2016-02-09 20:00","2016","02","09","20:00","-7.9","","-9.6","","88","","36","","19","","4.8","","96.06","","","","-15","","Snow"
"2016-02-09 21:00","2016","02","09","21:00","-10.1","","-12.0","","86","","35","","21","","3.2","","96.09","","","","-18","","Snow"
"2016-02-09 22:00","2016","02","09","22:00","-11.5","","-13.8","","83","","36","","21","","6.4","","96.10","","","","-20","","Snow,Blowing Snow"
"2016-02-09 23:00","2016","02","09","23:00","-12.6","","-15.2","","81","","36","","24","","6.4","","96.09","","","","-22","","Snow,Blowing Snow"
"2016-02-10 00:00","2016","02","10","00:00","-13.8","","-16.7","","79","","35","","30","","8.1","","96.09","","","","-24","","Snow,Blowing Snow"
"2016-02-10 01:00","2016","02","10","01:00","-15.6","","-18.9","","76","","35","","33","","12.9","","96.12","","","","-27","","Snow,Blowing Snow"
"2016-02-10 02:00","2016","02","10","02:00","-16.5","","-19.5","","78","","35","","23","","16.1","","96.13","","","","-27","","Snow,Blowing Snow"
"2016-02-10 03:00","2016","02","10","03:00","-17.2","","-20.3","","77","","35","","32","","8.1","","96.16","","","","-29","","Snow,Blowing Snow"
"2016-02-10 04:00","2016","02","10","04:00","-17.7","","-20.8","","77","","36","","29","","6.4","","96.17","","","","-29","","Snow,Blowing Snow"
"2016-02-10 05:00","2016","02","10","05:00","-18.1","","-21.4","","76","","36","","19","","6.4","","96.20","","","","-28","","Snow,Blowing Snow"
"2016-02-10 06:00","2016","02","10","06:00","-18.4","","-21.7","","76","","36","","23","","24.1","","96.23","","","","-29","","Snow,Blowing Snow"
"2016-02-10 07:00","2016","02","10","07:00","-18.9","","-22.5","","74","","36","","20","","24.1","","96.29","","","","-29","","Snow,Blowing Snow"
"2016-02-10 08:00","2016","02","10","08:00","-19.1","","-22.5","","75","","1","","27","","4.8","","96.34","","","","-31","","Snow,Blowing Snow"
"2016-02-10 09:00","2016","02","10","09:00","-19.2","","-22.7","","74","","1","","26","","16.1","","96.36","","","","-31","","Snow,Blowing Snow"
"2016-02-10 10:00","2016","02","10","10:00","-18.6","","-22.8","","70","","36","","28","","32.2","","96.39","","","","-30","","Snow,Blowing Snow"
"2016-02-10 11:00","2016","02","10","11:00","-17.7","","-22.1","","69","","2","","23","","32.2","","96.40","","","","-28","","Snow,Blowing Snow"
"2016-02-10 12:00","2016","02","10","12:00","-17.0","","-22.1","","65","","1","","22","","24.1","","96.39","","","","-27","","Snow,Blowing Snow"
"2016-02-10 13:00","2016","02","10","13:00","-16.3","","-20.9","","68","","35","","23","","24.1","","96.38","","","","-26","","Snow,Blowing Snow"
"2016-02-10 14:00","2016","02","10","14:00","-16.2","","-21.0","","67","","36","","20","","12.9","","96.38","","","","-26","","Snow,Blowing Snow"
"2016-02-10 15:00","2016","02","10","15:00","-16.8","","-21.4","","68","","36","","23","","8.1","","96.41","","","","-27","","Snow,Blowing Snow"
"2016-02-10 16:00","2016","02","10","16:00","-16.9","","-21.3","","69","","34","","22","","9.7","","96.50","","","","-27","","Snow,Blowing Snow"
"2016-02-10 17:00","2016","02","10","17:00","-17.8","","-21.7","","72","","35","","21","","4.8","","96.57","","","","-28","","Snow,Blowing Snow"
"2016-02-10 18:00","2016","02","10","18:00","-18.7","","-23.1","","69","","36","","24","","9.7","","96.67","","","","-30","","Snow,Blowing Snow"
"2016-02-10 19:00","2016","02","10","19:00","-19.1","","-22.8","","73","","34","","20","","12.9","","96.75","","","","-29","","Snow,Blowing Snow"
"2016-02-10 20:00","2016","02","10","20:00","-19.5","","-23.2","","73","","36","","19","","8.1","","96.80","","","","-30","","Snow,Blowing Snow"
"2016-02-10 21:00","2016","02","10","21:00","-19.7","","-23.4","","73","","35","","17","","4.8","","96.85","","","","-29","","Snow,Blowing Snow"
"2016-02-10 22:00","2016","02","10","22:00","-20.2","","-23.7","","74","","36","","27","","4.8","","96.89","","","","-32","","Snow,Blowing Snow"
"2016-02-10 23:00","2016","02","10","23:00","-20.6","","-24.4","","72","","36","","22","","4.8","","96.93","","","","-32","","Snow,Blowing Snow"
"2016-02-11 00:00","2016","02","11","00:00","-21.0","","-24.8","","72","","35","","20","","6.4","","96.96","","","","-32","","Snow,Blowing Snow"
"2016-02-11 01:00","2016","02","11","01:00","-21.8","","-26.1","","69","","34","","22","","9.7","","96.99","","","","-33","","Snow,Blowing Snow"
"2016-02-11 02:00","2016","02","11","02:00","-22.4","","-26.2","","72","","35","","20","","9.7","","97.02","","","","-34","","Snow,Blowing Snow"
"2016-02-11 03:00","2016","02","11","03:00","-23.2","","-27.1","","71","","34","","20","","6.4","","97.10","","","","-35","","Snow,Blowing Snow"
"2016-02-11 04:00","2016","02","11","04:00","-24.2","","-27.9","","72","","34","","20","","16.1","","97.12","","","","-36","","Snow,Blowing Snow"
"2016-02-11 05:00","2016","02","11","05:00","-25.1","","-28.8","","72","","34","","18","","16.1","","97.17","","","","-36","","Blowing Snow"
"2016-02-11 06:00","2016","02","11","06:00","-25.8","","-29.6","","71","","34","","21","","6.4","","97.26","","","","-38","","Snow,Blowing Snow"
"2016-02-11 07:00","2016","02","11","07:00","-26.2","","-30.0","","71","","34","","22","","12.9","","97.32","","","","-39","","Snow,Blowing Snow"
"2016-02-11 08:00","2016","02","11","08:00","-26.7","","-30.5","","71","","34","","18","","32.2","","97.40","","","","-38","","Blowing Snow"
"2016-02-11 09:00","2016","02","11","09:00","-25.8","","-29.9","","69","","36","","17","","32.2","","97.42","","","","-37","","Blowing Snow"
"2016-02-11 10:00","2016","02","11","10:00","-24.4","","-28.9","","67","","34","","15","","32.2","","97.48","","","","-35","","Mainly Clear"
"2016-02-11 11:00","2016","02","11","11:00","-22.8","","-28.0","","63","","32","","17","","32.2","","97.52","","","","-33","","NA"
"2016-02-11 12:00","2016","02","11","12:00","-21.0","","-26.7","","61","","30","","13","","32.2","","97.53","","","","-30","","NA"
"2016-02-11 13:00","2016","02","11","13:00","-19.3","","-25.2","","60","","32","","18","","32.2","","97.47","","","","-29","","Mainly Clear"
"2016-02-11 14:00","2016","02","11","14:00","-18.1","","-24.1","","60","","24","","10","","32.2","","97.45","","","","-25","","NA"
"2016-02-11 15:00","2016","02","11","15:00","-17.4","","-23.8","","58","","23","","14","","32.2","","97.44","","","","-26","","NA"
"2016-02-11 16:00","2016","02","11","16:00","-16.8","","-23.3","","58","","23","","15","","32.2","","97.45","","","","-25","","Mainly Clear"
"2016-02-11 17:00","2016","02","11","17:00","-16.5","","-21.8","","64","","23","","12","","32.2","","97.49","","","","-24","","NA"
"2016-02-11 18:00","2016","02","11","18:00","-18.7","","-21.9","","76","","21","","15","","32.2","","97.48","","","","-27","","NA"
"2016-02-11 19:00","2016","02","11","19:00","-19.3","","-22.2","","78","","22","","21","","24.1","","97.50","","","","-30","","Mainly Clear"
"2016-02-11 20:00","2016","02","11","20:00","-20.3","","-22.5","","83","","23","","10","","24.1","","97.45","","","","-28","","NA"
"2016-02-11 21:00","2016","02","11","21:00","-21.7","","-23.5","","86","","23","","5","","24.1","","97.40","","","","-26","","NA"
"2016-02-11 22:00","2016","02","11","22:00","-20.6","","-22.4","","86","","26","","3","","24.1","","97.36","","","","-23","","Mainly Clear"
"2016-02-11 23:00","2016","02","11","23:00","-19.6","","-21.8","","83","","23","","4","","24.1","","97.29","","","","-23","","Snow"
"2016-02-12 00:00","2016","02","12","00:00","-20.3","","-22.3","","84","","27","","5","","24.1","","97.25","","","","-25","","NA"
"2016-02-12 01:00","2016","02","12","01:00","-19.7","","-21.8","","84","","22","","5","","16.1","","97.17","","","","-24","","Snow"
"2016-02-12 02:00","2016","02","12","02:00","-18.3","","-20.4","","84","","24","","5","","8.1","","97.06","","","","-22","","Snow"
"2016-02-12 03:00","2016","02","12","03:00","-18.0","","-20.1","","84","","23","","5","","8.1","","96.99","","","","-22","","Snow"
"2016-02-12 04:00","2016","02","12","04:00","-16.6","","-18.6","","85","","17","","4","","3.2","","96.88","","","","-20","","Snow"
"2016-02-12 05:00","2016","02","12","05:00","-17.2","","-19.3","","84","","14","","7","","3.2","","96.82","","","","-22","","Snow"
"2016-02-12 06:00","2016","02","12","06:00","-18.5","","-20.7","","83","","10","","4","","4.8","","96.78","","","","-22","","Snow"
"2016-02-12 07:00","2016","02","12","07:00","-18.8","","-21.0","","83","","2","","11","","8.1","","96.75","","","","-26","","Snow"
"2016-02-12 08:00","2016","02","12","08:00","-19.2","","-21.4","","83","","4","","12","","32.2","","96.75","","","","-27","","NA"
"2016-02-12 09:00","2016","02","12","09:00","-19.1","","-21.3","","83","","2","","11","","32.2","","96.75","","","","-27","","NA"
"2016-02-12 10:00","2016","02","12","10:00","-17.0","","-19.4","","82","","1","","18","","32.2","","96.73","","","","-26","","Mainly Clear"
"2016-02-12 11:00","2016","02","12","11:00","-16.6","","-19.9","","76","","4","","16","","32.2","","96.78","","","","-25","","NA"
"2016-02-12 12:00","2016","02","12","12:00","-14.4","","-19.1","","68","","2","","17","","24.1","","96.81","","","","-23","","NA"
"2016-02-12 13:00","2016","02","12","13:00","-13.8","","-18.7","","67","","2","","14","","19.3","","96.80","","","","-21","","Snow"
"2016-02-12 14:00","2016","02","12","14:00","-15.7","","-19.8","","71","","36","","23","","9.7","","96.83","","","","-26","","Snow,Blowing Snow"
"2016-02-12 15:00","2016","02","12","15:00","-17.0","","-22.1","","65","","34","","27","","19.3","","96.91","","","","-28","","Snow,Blowing Snow"
"2016-02-12 16:00","2016","02","12","16:00","-18.6","","-24.4","","61","","36","","27","","24.1","","97.05","","","","-30","","Snow"
"2016-02-12 17:00","2016","02","12","17:00","-20.5","","-25.7","","64","","35","","19","","24.1","","97.17","","","","-31","","Blowing Snow"
"2016-02-12 18:00","2016","02","12","18:00","-22.8","","-27.2","","68","","35","","21","","24.1","","97.29","","","","-34","","Blowing Snow"
"2016-02-12 19:00","2016","02","12","19:00","-24.4","","-28.4","","70","","35","","21","","24.1","","97.40","","","","-36","","Snow,Blowing Snow"
"2016-02-12 20:00","2016","02","12","20:00","-26.0","","-30.3","","68","","36","","24","","24.1","","97.51","","","","-39","","Snow,Blowing Snow"
"2016-02-12 21:00","2016","02","12","21:00","-27.6","","-32.8","","62","","36","","32","","24.1","","97.60","","","","-43","","Snow,Blowing Snow"
"2016-02-12 22:00","2016","02","12","22:00","-28.9","","-33.9","","63","","35","","23","","24.1","","97.73","","","","-43","","Snow,Blowing Snow"
"2016-02-12 23:00","2016","02","12","23:00","-29.8","","-34.4","","65","","36","","21","","24.1","","97.81","","","","-43","","Blowing Snow"
"2016-02-13 00:00","2016","02","13","00:00","-30.1","","-34.9","","64","","35","","18","","24.1","","97.91","","","","-43","","Snow,Blowing Snow"
"2016-02-13 01:00","2016","02","13","01:00","-30.7","","-35.0","","67","","36","","19","","19.3","","97.94","","","","-44","","Snow,Blowing Snow"
"2016-02-13 02:00","2016","02","13","02:00","-31.6","","-35.7","","68","","35","","14","","24.1","","97.97","","","","-43","","Blowing Snow"
"2016-02-13 03:00","2016","02","13","03:00","-32.6","","-36.1","","72","","32","","10","","24.1","","98.02","","","","-42","","Blowing Snow"
"2016-02-13 04:00","2016","02","13","04:00","-33.6","","-37.0","","72","","33","","12","","24.1","","98.03","","","","-45","","Blowing Snow"
"2016-02-13 05:00","2016","02","13","05:00","-34.0","","-37.0","","75","","29","","9","","24.1","","98.10","","","","-43","","NA"
"2016-02-13 06:00","2016","02","13","06:00","-34.6","","-37.6","","75","","32","","9","","24.1","","98.13","","","","-44","","NA"
"2016-02-13 07:00","2016","02","13","07:00","-35.7","","-38.7","","75","","30","","13","","24.1","","98.19","","","","-48","","Mainly Clear"
"2016-02-13 08:00","2016","02","13","08:00","-34.2","","-37.6","","72","","32","","15","","32.2","","98.24","","","","-47","","NA"
"2016-02-13 09:00","2016","02","13","09:00","-33.9","","-37.5","","71","","30","","17","","32.2","","98.29","","","","-47","","NA"
"2016-02-13 10:00","2016","02","13","10:00","-30.6","","-35.0","","66","","33","","16","","32.2","","98.33","","","","-43","","Mainly Clear"
"2016-02-13 11:00","2016","02","13","11:00","-29.0","","-34.9","","58","","33","","16","","16.1","","98.36","","","","-41","","Blowing Snow"
"2016-02-13 12:00","2016","02","13","12:00","-27.8","","-33.7","","58","","32","","17","","9.7","","98.38","","","","-39","","Ice Crystals,Blowing Snow"
"2016-02-13 13:00","2016","02","13","13:00","-26.9","","-32.7","","59","","31","","14","","9.7","","98.36","","","","-37","","Ice Crystals"
"2016-02-13 14:00","2016","02","13","14:00","-25.4","","-32.0","","55","","36","","18","","12.9","","98.36","","","","-37","","Ice Crystals"
"2016-02-13 15:00","2016","02","13","15:00","-24.7","","-31.3","","55","","31","","19","","24.1","","98.38","","","","-36","","NA"
"2016-02-13 16:00","2016","02","13","16:00","-24.7","","-30.4","","60","","34","","15","","24.1","","98.43","","","","-35","","Ice Crystals"
"2016-02-13 17:00","2016","02","13","17:00","-24.4","","-30.3","","59","","33","","16","","24.1","","98.46","","","","-35","","Ice Crystals"
"2016-02-13 18:00","2016","02","13","18:00","-25.3","","-29.8","","67","","34","","8","","24.1","","98.52","","","","-32","","NA"
"2016-02-13 19:00","2016","02","13","19:00","-27.0","","-31.1","","69","","33","","7","","24.1","","98.59","","","","-34","","Mainly Clear"
"2016-02-13 20:00","2016","02","13","20:00","-26.3","","-29.8","","73","","30","","7","","24.1","","98.63","","","","-33","","NA"
"2016-02-13 21:00","2016","02","13","21:00","-27.4","","-30.9","","73","","31","","7","","24.1","","98.64","","","","-34","","NA"
"2016-02-13 22:00","2016","02","13","22:00","-27.7","","-30.4","","78","","32","","7","","24.1","","98.63","","","","-35","","Clear"
"2016-02-13 23:00","2016","02","13","23:00","-28.7","","-31.4","","78","","26","","5","","24.1","","98.66","","","","-34","","NA"
"2016-02-14 00:00","2016","02","14","00:00","-28.8","","-31.4","","79","","27","","5","","24.1","","98.67","","","","-34","","NA"
"2016-02-14 01:00","2016","02","14","01:00","-30.4","","-32.8","","80","","30","","9","","24.1","","98.66","","","","-39","","Mainly Clear"
"2016-02-14 02:00","2016","02","14","02:00","-30.5","","-33.0","","79","","29","","10","","24.1","","98.70","","","","-40","","NA"
"2016-02-14 03:00","2016","02","14","03:00","-29.8","","-32.5","","78","","29","","11","","24.1","","98.71","","","","-39","","NA"
"2016-02-14 04:00","2016","02","14","04:00","-29.2","","-32.0","","77","","31","","9","","24.1","","98.68","","","","-38","","Mainly Clear"
"2016-02-14 05:00","2016","02","14","05:00","-30.8","","-33.6","","77","","26","","6","","24.1","","98.72","","","","-37","","NA"
"2016-02-14 06:00","2016","02","14","06:00","-33.5","","-36.8","","73","","27","","6","","24.1","","98.74","","","","-41","","NA"
"2016-02-14 07:00","2016","02","14","07:00","-30.6","","-33.6","","76","","24","","7","","24.1","","98.74","","","","-38","","Mainly Clear"
"2016-02-14 08:00","2016","02","14","08:00","-31.7","","-34.5","","77","","28","","4","","32.2","","98.74","","","","-36","","NA"
"2016-02-14 09:00","2016","02","14","09:00","-28.4","","-31.3","","77","","24","","8","","32.2","","98.75","","","","-36","","NA"
"2016-02-14 10:00","2016","02","14","10:00","-26.0","","-29.1","","76","","23","","9","","32.2","","98.71","","","","-34","","Clear"
"2016-02-14 11:00","2016","02","14","11:00","-23.3","","-26.9","","73","","23","","11","","32.2","","98.69","","","","-32","","NA"
"2016-02-14 12:00","2016","02","14","12:00","-21.6","","-26.4","","66","","22","","14","","32.2","","98.67","","","","-31","","NA"
"2016-02-14 13:00","2016","02","14","13:00","-19.9","","-26.2","","58","","23","","19","","32.2","","98.60","","","","-30","","Clear"
"2016-02-14 14:00","2016","02","14","14:00","-18.6","","-25.6","","55","","19","","12","","32.2","","98.50","","","","-26","","NA"
"2016-02-14 15:00","2016","02","14","15:00","-17.1","","-23.7","","57","","19","","11","","32.2","","98.44","","","","-24","","NA"
"2016-02-14 16:00","2016","02","14","16:00","-15.7","","-22.4","","57","","24","","10","","32.2","","98.39","","","","-22","","Clear"
"2016-02-14 17:00","2016","02","14","17:00","-15.9","","-22.4","","58","","17","","9","","32.2","","98.41","","","","-22","","NA"
"2016-02-14 18:00","2016","02","14","18:00","-16.9","","-22.6","","62","","16","","12","","32.2","","98.40","","","","-24","","NA"
"2016-02-14 19:00","2016","02","14","19:00","-18.2","","-22.3","","71","","15","","17","","24.1","","98.34","","","","-27","","Mostly Cloudy"
"2016-02-14 20:00","2016","02","14","20:00","-17.6","","-20.6","","78","","16","","17","","24.1","","98.31","","","","-27","","NA"
"2016-02-14 21:00","2016","02","14","21:00","-17.6","","-20.4","","79","","15","","19","","24.1","","98.23","","","","-27","","Snow"
"2016-02-14 22:00","2016","02","14","22:00","-17.9","","-21.3","","75","","15","","21","","24.1","","98.19","","","","-28","","Snow"
"2016-02-14 23:00","2016","02","14","23:00","-17.2","","-20.0","","79","","15","","21","","24.1","","98.14","","","","-27","","Snow"
"2016-02-15 00:00","2016","02","15","00:00","-17.1","","-19.6","","81","","15","","22","","24.1","","98.11","","","","-27","","Snow"
"2016-02-15 01:00","2016","02","15","01:00","-17.9","","-20.6","","80","","14","","24","","24.1","","98.06","","","","-29","","Mainly Clear"
"2016-02-15 02:00","2016","02","15","02:00","-18.3","","-20.7","","82","","15","","19","","24.1","","98.04","","","","-28","","Snow"
"2016-02-15 03:00","2016","02","15","03:00","-17.1","","-19.5","","82","","14","","23","","16.1","","98.00","","","","-27","","Snow"
"2016-02-15 04:00","2016","02","15","04:00","-16.1","","-18.4","","83","","15","","21","","9.7","","97.94","","","","-26","","Snow"
"2016-02-15 05:00","2016","02","15","05:00","-16.1","","-18.5","","82","","15","","21","","16.1","","97.85","","","","-26","","Snow"
"2016-02-15 06:00","2016","02","15","06:00","-15.6","","-19.1","","75","","14","","20","","16.1","","97.81","","","","-25","","Snow"
"2016-02-15 07:00","2016","02","15","07:00","-15.6","","-18.0","","82","","14","","24","","16.1","","97.74","","","","-26","","Snow"
"2016-02-15 08:00","2016","02","15","08:00","-17.0","","-19.0","","85","","14","","26","","12.9","","97.70","","","","-28","","Snow"
"2016-02-15 09:00","2016","02","15","09:00","-16.7","","-18.9","","83","","14","","26","","12.9","","97.66","","","","-28","","Snow"
"2016-02-15 10:00","2016","02","15","10:00","-14.9","","-17.8","","79","","14","","26","","19.3","","97.54","","","","-25","","Snow"
"2016-02-15 11:00","2016","02","15","11:00","-14.1","","-17.3","","77","","16","","28","","24.1","","97.47","","","","-25","","Snow,Blowing Snow"
"2016-02-15 12:00","2016","02","15","12:00","-12.6","","-16.5","","73","","14","","20","","16.1","","97.34","","","","-21","","Snow,Blowing Snow"
"2016-02-15 13:00","2016","02","15","13:00","-11.9","","-15.6","","74","","12","","19","","6.4","","97.22","","","","-20","","Snow,Blowing Snow"
"2016-02-15 14:00","2016","02","15","14:00","-10.8","","-14.1","","77","","13","","19","","4.0","","97.13","","","","-19","","Snow,Blowing Snow"
"2016-02-15 15:00","2016","02","15","15:00","-10.1","","-13.4","","77","","14","","21","","6.4","","96.99","","","","-18","","Snow,Blowing Snow"
"2016-02-15 16:00","2016","02","15","16:00","-9.9","","-12.6","","81","","14","","18","","4.8","","96.96","","","","-17","","Snow,Blowing Snow"
"2016-02-15 17:00","2016","02","15","17:00","-9.7","","-11.6","","86","","13","","22","","1.6","","96.94","","","","-18","","Snow,Blowing Snow"
"2016-02-15 18:00","2016","02","15","18:00","-9.7","","-11.2","","89","","13","","16","","2.4","","96.94","","","","-17","","Snow,Blowing Snow"
"2016-02-15 19:00","2016","02","15","19:00","-9.6","","-10.9","","90","","13","","18","","24.1","","96.93","","","","-17","","Snow,Blowing Snow"
"2016-02-15 20:00","2016","02","15","20:00","-9.2","","-10.4","","91","","14","","22","","24.1","","96.87","","","","-17","","Snow,Blowing Snow"
"2016-02-15 21:00","2016","02","15","21:00","-8.8","","-10.2","","90","","15","","23","","16.1","","96.83","","","","-17","","Snow,Blowing Snow"
"2016-02-15 22:00","2016","02","15","22:00","-8.7","","-10.1","","90","","14","","19","","4.8","","96.78","","","","-16","","Snow,Blowing Snow"
"2016-02-15 23:00","2016","02","15","23:00","-8.8","","-10.0","","91","","15","","19","","16.1","","96.76","","","","-16","","Snow,Blowing Snow"
"2016-02-16 00:00","2016","02","16","00:00","-8.6","","-9.5","","93","","15","","19","","16.1","","96.79","","","","-16","","Snow"
"2016-02-16 01:00","2016","02","16","01:00","-8.5","","-9.4","","93","","15","","15","","16.1","","96.80","","","","-15","","Snow"
"2016-02-16 02:00","2016","02","16","02:00","-8.3","","-9.2","","93","","16","","6","","16.1","","96.80","","","","-12","","Snow"
"2016-02-16 03:00","2016","02","16","03:00","-8.4","","-9.2","","94","","16","","5","","24.1","","96.80","","","","-11","","NA"
"2016-02-16 04:00","2016","02","16","04:00","-8.5","","-9.3","","94","","13","","4","","24.1","","96.73","","","","-11","","Cloudy"
"2016-02-16 05:00","2016","02","16","05:00","-8.7","","-9.6","","93","","12","","5","","24.1","","96.69","","","","-11","","NA"
"2016-02-16 06:00","2016","02","16","06:00","-8.8","","-9.9","","92","","13","","5","","24.1","","96.68","","","","-12","","NA"
"2016-02-16 07:00","2016","02","16","07:00","-8.7","","-9.6","","93","","11","","7","","24.1","","96.68","","","","-13","","Cloudy"
"2016-02-16 08:00","2016","02","16","08:00","-8.4","","-9.3","","93","","13","","8","","16.1","","96.70","","","","-13","","NA"
"2016-02-16 09:00","2016","02","16","09:00","-8.1","","-9.0","","93","","7","","5","","9.7","","96.66","","","","-11","","Fog"
"2016-02-16 10:00","2016","02","16","10:00","-7.6","","-8.5","","93","","8","","4","","16.1","","96.62","","","","-10","","Snow"
"2016-02-16 11:00","2016","02","16","11:00","-6.5","","-7.9","","90","","2","","4","","24.1","","96.59","","","","-8","","NA"
"2016-02-16 12:00","2016","02","16","12:00","-5.1","","-8.4","","78","","36","","2","","24.1","","96.54","","","","-6","","NA"
"2016-02-16 13:00","2016","02","16","13:00","-4.2","","-7.7","","77","","17","","8","","24.1","","96.49","","","","-8","","Cloudy"
"2016-02-16 14:00","2016","02","16","14:00","-4.0","","-7.5","","77","","36","","3","","24.1","","96.37","","","","-5","","NA"
"2016-02-16 15:00","2016","02","16","15:00","-3.8","","-7.4","","76","","29","","10","","24.1","","96.33","","","","-8","","NA"
"2016-02-16 16:00","2016","02","16","16:00","-3.9","","-7.0","","79","","30","","13","","24.1","","96.33","","","","-9","","Cloudy"
"2016-02-16 17:00","2016","02","16","17:00","-4.3","","-7.8","","77","","30","","10","","32.2","","96.32","","","","-8","","NA"
"2016-02-16 18:00","2016","02","16","18:00","-5.3","","-8.7","","77","","29","","7","","24.1","","96.34","","","","-9","","NA"
"2016-02-16 19:00","2016","02","16","19:00","-6.3","","-8.4","","85","","29","","13","","24.1","","96.40","","","","-12","","Mainly Clear"
"2016-02-16 20:00","2016","02","16","20:00","-7.1","","-8.8","","88","","29","","5","","24.1","","96.39","","","","-10","","NA"
"2016-02-16 21:00","2016","02","16","21:00","-6.1","","-7.9","","87","","25","","11","","24.1","","96.42","","","","-11","","Snow"
"2016-02-16 22:00","2016","02","16","22:00","-5.6","","-7.1","","89","","24","","10","","24.1","","96.44","","","","-10","","Snow"
"2016-02-16 23:00","2016","02","16","23:00","-5.7","","-6.8","","92","","24","","8","","24.1","","96.44","","","","-9","","Snow"
"2016-02-17 00:00","2016","02","17","00:00","-5.7","","-6.5","","94","","24","","9","","24.1","","96.45","","","","-10","","Snow"
"2016-02-17 01:00","2016","02","17","01:00","-5.5","","-6.3","","94","","24","","10","","16.1","","96.49","","","","-10","","Snow"
"2016-02-17 02:00","2016","02","17","02:00","-5.3","","-6.1","","94","","27","","7","","19.3","","96.52","","","","-9","","Snow"
"2016-02-17 03:00","2016","02","17","03:00","-9.5","","-12.5","","79","","34","","23","","16.1","","96.69","","","","-18","","Snow"
"2016-02-17 04:00","2016","02","17","04:00","-11.1","","-14.1","","79","","33","","29","","24.1","","96.79","","","","-21","","Snow"
"2016-02-17 05:00","2016","02","17","05:00","-12.9","","-17.0","","72","","34","","29","","24.1","","96.93","","","","-23","","Snow"
"2016-02-17 06:00","2016","02","17","06:00","-14.2","","-18.4","","71","","35","","25","","24.1","","97.06","","","","-24","","Snow,Blowing Snow"
"2016-02-17 07:00","2016","02","17","07:00","-14.9","","-18.7","","73","","35","","21","","24.1","","97.18","","","","-24","","Snow,Blowing Snow"
"2016-02-17 08:00","2016","02","17","08:00","-15.8","","-19.8","","72","","34","","22","","24.1","","97.34","","","","-26","","Blowing Snow"
"2016-02-17 09:00","2016","02","17","09:00","-15.7","","-20.2","","69","","35","","19","","32.2","","97.45","","","","-25","","Blowing Snow"
"2016-02-17 10:00","2016","02","17","10:00","-15.6","","-20.2","","68","","34","","21","","32.2","","97.54","","","","-25","","Mainly Clear"
"2016-02-17 11:00","2016","02","17","11:00","-14.8","","-20.4","","63","","36","","17","","32.2","","97.62","","","","-23","","Blowing Snow"
"2016-02-17 12:00","2016","02","17","12:00","-13.8","","-19.8","","61","","35","","15","","32.2","","97.68","","","","-21","","NA"
"2016-02-17 13:00","2016","02","17","13:00","-13.3","","-19.9","","58","","34","","21","","32.2","","97.73","","","","-22","","Blowing Snow"
"2016-02-17 14:00","2016","02","17","14:00","-12.6","","-19.5","","57","","35","","24","","32.2","","97.77","","","","-22","","NA"
"2016-02-17 15:00","2016","02","17","15:00","-11.9","","-19.0","","56","","36","","15","","32.2","","97.84","","","","-19","","NA"
"2016-02-17 16:00","2016","02","17","16:00","-11.7","","-19.0","","55","","36","","16","","32.2","","97.92","","","","-19","","Mainly Clear"
"2016-02-17 17:00","2016","02","17","17:00","-12.1","","-19.4","","55","","33","","12","","32.2","","97.99","","","","-18","","NA"
"2016-02-17 18:00","2016","02","17","18:00","-13.7","","-19.5","","62","","34","","9","","32.2","","98.09","","","","-19","","NA"
"2016-02-17 19:00","2016","02","17","19:00","-15.0","","-19.8","","67","","30","","5","","24.1","","98.19","","","","-19","","Clear"
"2016-02-17 20:00","2016","02","17","20:00","-15.7","","-19.7","","72","","31","","7","","24.1","","98.25","","","","-21","","NA"
"2016-02-17 21:00","2016","02","17","21:00","-16.3","","-19.6","","76","","30","","6","","24.1","","98.30","","","","-21","","NA"
"2016-02-17 22:00","2016","02","17","22:00","-17.1","","-19.9","","79","","30","","5","","24.1","","98.32","","","","-21","","Clear"
"2016-02-17 23:00","2016","02","17","23:00","-17.7","","-20.4","","80","","34","","5","","24.1","","98.36","","","","-22","","NA"
"2016-02-18 00:00","2016","02","18","00:00","-16.8","","-19.9","","77","","36","","1","","24.1","","98.43","","","","-18","","NA"
"2016-02-18 01:00","2016","02","18","01:00","-19.9","","-21.5","","87","","23","","5","","24.1","","98.50","","","","-24","","Clear"
"2016-02-18 02:00","2016","02","18","02:00","-19.3","","-20.7","","89","","27","","4","","24.1","","98.54","","","","-23","","NA"
"2016-02-18 03:00","2016","02","18","03:00","-19.7","","-21.3","","87","","23","","5","","24.1","","98.58","","","","-24","","NA"
"2016-02-18 04:00","2016","02","18","04:00","-19.8","","-21.6","","86","","36","","2","","24.1","","98.62","","","","-22","","Clear"
"2016-02-18 05:00","2016","02","18","05:00","-19.6","","-21.2","","87","","25","","5","","24.1","","98.65","","","","-24","","NA"
"2016-02-18 06:00","2016","02","18","06:00","-18.7","","-20.6","","85","","23","","8","","24.1","","98.71","","","","-25","","NA"
"2016-02-18 07:00","2016","02","18","07:00","-19.0","","-21.1","","84","","23","","10","","32.2","","98.77","","","","-26","","Mainly Clear"
"2016-02-18 08:00","2016","02","18","08:00","-19.0","","-21.1","","84","","21","","9","","32.2","","98.83","","","","-26","","NA"
"2016-02-18 09:00","2016","02","18","09:00","-17.6","","-19.8","","83","","21","","15","","32.2","","98.86","","","","-26","","NA"
"2016-02-18 10:00","2016","02","18","10:00","-15.6","","-18.0","","82","","17","","15","","32.2","","98.88","","","","-24","","Mainly Clear"
"2016-02-18 11:00","2016","02","18","11:00","-13.4","","-17.4","","72","","20","","17","","32.2","","98.86","","","","-21","","NA"
"2016-02-18 12:00","2016","02","18","12:00","-10.4","","-16.2","","63","","23","","18","","32.2","","98.87","","","","-18","","NA"
"2016-02-18 13:00","2016","02","18","13:00","-7.7","","-13.8","","62","","23","","20","","32.2","","98.79","","","","-15","","Mainly Clear"
"2016-02-18 14:00","2016","02","18","14:00","-5.5","","-10.9","","66","","21","","32","","32.2","","98.74","","","","-14","","NA"
"2016-02-18 15:00","2016","02","18","15:00","-5.1","","-9.9","","69","","20","","25","","32.2","","98.71","","","","-12","","NA"
"2016-02-18 16:00","2016","02","18","16:00","-5.2","","-9.5","","72","","20","","26","","32.2","","98.72","","","","-13","","Mostly Cloudy"
"2016-02-18 17:00","2016","02","18","17:00","-5.1","","-9.4","","72","","20","","32","","32.2","","98.68","","","","-13","","NA"
"2016-02-18 18:00","2016","02","18","18:00","-5.4","","-9.5","","73","","21","","23","","32.2","","98.66","","","","-13","","NA"
"2016-02-18 19:00","2016","02","18","19:00","-5.6","","-9.4","","75","","20","","23","","24.1","","98.65","","","","-13","","Mostly Cloudy"
"2016-02-18 20:00","2016","02","18","20:00","-5.5","","-9.1","","76","","19","","21","","24.1","","98.60","","","","-12","","NA"
"2016-02-18 21:00","2016","02","18","21:00","-5.7","","-8.9","","78","","19","","26","","24.1","","98.56","","","","-13","","NA"
"2016-02-18 22:00","2016","02","18","22:00","-7.3","","-10.2","","80","","17","","21","","24.1","","98.51","","","","-15","","Mostly Cloudy"
"2016-02-18 23:00","2016","02","18","23:00","-8.9","","-11.1","","84","","16","","20","","24.1","","98.47","","","","-16","","NA"
"2016-02-19 00:00","2016","02","19","00:00","-9.3","","-11.7","","83","","16","","21","","24.1","","98.38","","","","-17","","NA"
"2016-02-19 01:00","2016","02","19","01:00","-9.4","","-11.9","","82","","16","","22","","24.1","","98.31","","","","-17","","Cloudy"
"2016-02-19 02:00","2016","02","19","02:00","-9.2","","-11.6","","83","","16","","22","","24.1","","98.28","","","","-17","","NA"
"2016-02-19 03:00","2016","02","19","03:00","-8.7","","-11.2","","82","","15","","24","","16.1","","98.17","","","","-17","","NA"
"2016-02-19 04:00","2016","02","19","04:00","-8.9","","-11.4","","82","","15","","21","","16.1","","98.09","","","","-17","","Cloudy"
"2016-02-19 05:00","2016","02","19","05:00","-9.3","","-12.0","","81","","14","","24","","16.1","","97.95","","","","-18","","NA"
"2016-02-19 06:00","2016","02","19","06:00","-9.3","","-12.0","","81","","13","","26","","1.6","","97.85","","","","-18","","Snow"
"2016-02-19 07:00","2016","02","19","07:00","-9.1","","-11.2","","85","","14","","24","","24.1","","97.73","","","","-17","","Cloudy"
"2016-02-19 08:00","2016","02","19","08:00","-8.8","","-11.2","","83","","12","","25","","4.0","","97.54","","","","-17","","Snow,Blowing Snow"
"2016-02-19 09:00","2016","02","19","09:00","-7.8","","-9.5","","88","","13","","34","","24.1","","97.33","","","","-17","","Snow,Blowing Snow"
"2016-02-19 10:00","2016","02","19","10:00","-6.8","","-8.5","","88","","14","","34","","32.2","","97.15","","","","-16","","Snow,Blowing Snow"
"2016-02-19 11:00","2016","02","19","11:00","-5.3","","-7.1","","87","","14","","29","","32.2","","96.98","","","","-13","","Blowing Snow"
"2016-02-19 12:00","2016","02","19","12:00","-3.0","","-7.2","","73","","14","","30","","32.2","","96.76","","","","-10","","Blowing Snow"
"2016-02-19 13:00","2016","02","19","13:00","-1.3","","-6.5","","68","","14","","23","","32.2","","96.55","","","","-7","","Mostly Cloudy"
"2016-02-19 14:00","2016","02","19","14:00","0.5","","-6.6","","59","","16","","37","","32.2","","96.32","","","","","","NA"
"2016-02-19 15:00","2016","02","19","15:00","0.7","","-6.2","","60","","16","","32","","32.2","","96.13","","","","","","NA"
"2016-02-19 16:00","2016","02","19","16:00","1.0","","-5.5","","62","","14","","25","","32.2","","95.92","","","","","","Rain Showers"
"2016-02-19 17:00","2016","02","19","17:00","0.8","","-5.1","","65","","14","","29","","24.1","","95.80","","","","","","Rain Showers"
"2016-02-19 18:00","2016","02","19","18:00","0.4","","-4.1","","72","","14","","32","","12.9","","95.66","","","","","","Rain Showers"
"2016-02-19 19:00","2016","02","19","19:00","-0.2","","-1.8","","89","","14","","33","","24.1","","95.50","","","","-7","","Snow Showers,Snow Pellets"
"2016-02-19 20:00","2016","02","19","20:00","-0.2","","-1.3","","92","","13","","24","","24.1","","95.31","","","","-6","","Freezing Rain,Snow Showers"
"2016-02-19 21:00","2016","02","19","21:00","0.1","","-0.9","","93","","13","","26","","12.9","","95.19","","","","","","Snow Showers"
"2016-02-19 22:00","2016","02","19","22:00","0.3","","-0.3","","96","","14","","23","","4.8","","95.05","","","","","","Snow Showers"
"2016-02-19 23:00","2016","02","19","23:00","0.7","","0.3","","97","","15","","17","","2.4","","94.98","","","","","","Rain,Fog"
"2016-02-20 00:00","2016","02","20","00:00","2.0","","1.7","","98","","21","","25","","6.4","","94.96","","","","","","Rain,Fog"
"2016-02-20 01:00","2016","02","20","01:00","2.0","","1.7","","98","","23","","23","","9.7","","94.98","","","","","","Rain,Fog"
"2016-02-20 02:00","2016","02","20","02:00","1.7","","1.4","","98","","22","","21","","2.4","","94.97","","","","","","Drizzle,Fog"
"2016-02-20 03:00","2016","02","20","03:00","1.5","","1.2","","98","","22","","21","","3.2","","94.98","","","","","","Drizzle,Fog"
"2016-02-20 04:00","2016","02","20","04:00","1.3","","1.0","","98","","24","","18","","4.0","","95.00","","","","","","Drizzle,Fog"
"2016-02-20 05:00","2016","02","20","05:00","0.3","","-0.1","","97","","24","","22","","3.2","","95.09","","","","","","Snow"
"2016-02-20 06:00","2016","02","20","06:00","0.0","","-0.4","","97","","25","","27","","3.2","","95.18","","","","-6","","Snow"
"2016-02-20 07:00","2016","02","20","07:00","0.1","","-0.5","","96","","25","","23","","3.2","","95.26","","","","","","Snow,Blowing Snow"
"2016-02-20 08:00","2016","02","20","08:00","0.3","","-0.4","","95","","25","","25","","3.2","","95.38","","","","","","Snow,Blowing Snow"
"2016-02-20 09:00","2016","02","20","09:00","0.5","","-0.4","","94","","25","","23","","9.7","","95.48","","","","","","Snow"
"2016-02-20 10:00","2016","02","20","10:00","0.7","","-0.2","","94","","25","","22","","9.7","","95.56","","","","","","Snow"
"2016-02-20 11:00","2016","02","20","11:00","1.2","","0.1","","92","","25","","19","","9.7","","95.66","","","","","","Snow"
"2016-02-20 12:00","2016","02","20","12:00","1.4","","0.1","","91","","25","","19","","24.1","","95.75","","","","","","Snow"
"2016-02-20 13:00","2016","02","20","13:00","1.8","","-0.1","","87","","25","","22","","24.1","","95.81","","","","","","Snow"
"2016-02-20 14:00","2016","02","20","14:00","2.0","","0.1","","87","","26","","18","","24.1","","95.85","","","","","","NA"
"2016-02-20 15:00","2016","02","20","15:00","2.1","","0.0","","86","","28","","18","","24.1","","95.95","","","","","","NA"
"2016-02-20 16:00","2016","02","20","16:00","2.2","","-0.2","","84","","28","","14","","24.1","","96.08","","","","","","Cloudy"
"2016-02-20 17:00","2016","02","20","17:00","1.4","","-0.5","","87","","29","","15","","24.1","","96.18","","","","","","NA"
"2016-02-20 18:00","2016","02","20","18:00","1.4","","-0.5","","87","","30","","16","","32.2","","96.31","","","","","","NA"
"2016-02-20 19:00","2016","02","20","19:00","1.1","","-0.4","","90","","29","","16","","24.1","","96.45","","","","","","Cloudy"
"2016-02-20 20:00","2016","02","20","20:00","1.0","","-0.8","","88","","31","","18","","24.1","","96.54","","","","","","NA"
"2016-02-20 21:00","2016","02","20","21:00","0.9","","-1.2","","86","","32","","20","","24.1","","96.64","","","","","","NA"
"2016-02-20 22:00","2016","02","20","22:00","0.7","","-1.2","","87","","32","","15","","24.1","","96.69","","","","","","Cloudy"
"2016-02-20 23:00","2016","02","20","23:00","0.4","","-1.4","","88","","32","","11","","24.1","","96.73","","","","","","NA"
"2016-02-21 00:00","2016","02","21","00:00","0.1","","-1.8","","87","","32","","14","","24.1","","96.81","","","","","","Snow"
"2016-02-21 01:00","2016","02","21","01:00","-0.3","","-1.7","","90","","34","","12","","24.1","","96.88","","","","-4","","Snow"
"2016-02-21 02:00","2016","02","21","02:00","-0.8","","-1.5","","95","","32","","10","","8.1","","96.97","","","","-4","","Snow"
"2016-02-21 03:00","2016","02","21","03:00","-1.1","","-2.1","","93","","35","","16","","4.8","","97.05","","","","-6","","Snow"
"2016-02-21 04:00","2016","02","21","04:00","-2.7","","-4.3","","89","","36","","32","","4.8","","97.11","","","","-10","","Snow"
"2016-02-21 05:00","2016","02","21","05:00","-6.6","","-10.2","","76","","35","","29","","24.1","","97.27","","","","-15","","Snow,Blowing Snow"
"2016-02-21 06:00","2016","02","21","06:00","-8.4","","-11.7","","77","","36","","29","","24.1","","97.40","","","","-17","","Snow,Blowing Snow"
"2016-02-21 07:00","2016","02","21","07:00","-10.3","","-13.3","","79","","36","","27","","24.1","","97.50","","","","-19","","Snow,Blowing Snow"
"2016-02-21 08:00","2016","02","21","08:00","-11.7","","-14.8","","78","","35","","23","","24.1","","97.67","","","","-21","","Snow,Blowing Snow"
"2016-02-21 09:00","2016","02","21","09:00","-11.8","","-15.2","","76","","1","","24","","32.2","","97.71","","","","-21","","Blowing Snow"
"2016-02-21 10:00","2016","02","21","10:00","-12.6","","-18.1","","64","","1","","32","","32.2","","97.74","","","","-23","","Blowing Snow"
"2016-02-21 11:00","2016","02","21","11:00","-12.0","","-18.1","","61","","1","","24","","32.2","","97.81","","","","-21","","Blowing Snow"
"2016-02-21 12:00","2016","02","21","12:00","-10.7","","-17.7","","57","","2","","18","","32.2","","97.85","","","","-18","","Blowing Snow"
"2016-02-21 13:00","2016","02","21","13:00","-9.7","","-18.1","","51","","2","","19","","32.2","","97.81","","","","-17","","Clear"
"2016-02-21 14:00","2016","02","21","14:00","-9.4","","-17.6","","52","","6","","16","","32.2","","97.77","","","","-16","","NA"
"2016-02-21 15:00","2016","02","21","15:00","-8.8","","-17.7","","49","","5","","20","","32.2","","97.76","","","","-16","","NA"
"2016-02-21 16:00","2016","02","21","16:00","-8.6","","-18.3","","46","","5","","18","","32.2","","97.76","","","","-16","","Mainly Clear"
"2016-02-21 17:00","2016","02","21","17:00","-9.2","","-17.8","","50","","4","","14","","32.2","","97.76","","","","-16","","NA"
"2016-02-21 18:00","2016","02","21","18:00","-10.2","","-18.1","","53","","4","","10","","32.2","","97.80","","","","-15","","NA"
"2016-02-21 19:00","2016","02","21","19:00","-11.0","","-18.2","","56","","35","","9","","24.1","","97.85","","","","-16","","Mainly Clear"
"2016-02-21 20:00","2016","02","21","20:00","-12.6","","-18.7","","61","","1","","10","","24.1","","97.87","","","","-18","","NA"
"2016-02-21 21:00","2016","02","21","21:00","-13.0","","-19.0","","61","","2","","11","","24.1","","97.91","","","","-19","","NA"
"2016-02-21 22:00","2016","02","21","22:00","-14.2","","-19.6","","64","","3","","10","","24.1","","97.94","","","","-20","","Mainly Clear"
"2016-02-21 23:00","2016","02","21","23:00","-15.6","","-19.9","","70","","2","","16","","24.1","","97.96","","","","-24","","NA"
"2016-02-22 00:00","2016","02","22","00:00","-16.8","","-20.1","","76","","2","","12","","24.1","","97.98","","","","-24","","NA"
"2016-02-22 01:00","2016","02","22","01:00","-17.4","","-20.7","","76","","3","","8","","24.1","","98.02","","","","-23","","Mostly Cloudy"
"2016-02-22 02:00","2016","02","22","02:00","-16.1","","-19.7","","74","","2","","10","","24.1","","98.04","","","","-23","","NA"
"2016-02-22 03:00","2016","02","22","03:00","-15.8","","-19.6","","73","","36","","5","","24.1","","98.03","","","","-20","","NA"
"2016-02-22 04:00","2016","02","22","04:00","-16.0","","-19.6","","74","","36","","8","","24.1","","98.03","","","","-22","","Cloudy"
"2016-02-22 05:00","2016","02","22","05:00","-16.3","","-19.9","","74","","36","","7","","24.1","","98.06","","","","-21","","NA"
"2016-02-22 06:00","2016","02","22","06:00","-16.3","","-19.9","","74","","1","","7","","24.1","","98.14","","","","-21","","NA"
"2016-02-22 07:00","2016","02","22","07:00","-16.8","","-20.7","","72","","4","","3","","32.2","","98.19","","","","-19","","Mostly Cloudy"
"2016-02-22 08:00","2016","02","22","08:00","-16.1","","-20.4","","70","","12","","5","","32.2","","98.23","","","","-20","","NA"
"2016-02-22 09:00","2016","02","22","09:00","-15.5","","-20.5","","66","","16","","4","","32.2","","98.26","","","","-18","","NA"
"2016-02-22 10:00","2016","02","22","10:00","-15.0","","-20.4","","64","","22","","3","","32.2","","98.29","","","","-17","","Mainly Clear"
"2016-02-22 11:00","2016","02","22","11:00","-13.6","","-20.0","","59","","36","","3","","32.2","","98.30","","","","-16","","NA"
"2016-02-22 12:00","2016","02","22","12:00","-12.9","","-20.2","","55","","36","","3","","32.2","","98.32","","","","-15","","NA"
"2016-02-22 13:00","2016","02","22","13:00","-11.9","","-20.1","","51","","19","","7","","32.2","","98.27","","","","-16","","Mainly Clear"
"2016-02-22 14:00","2016","02","22","14:00","-11.1","","-19.1","","52","","20","","8","","32.2","","98.22","","","","-16","","NA"
"2016-02-22 15:00","2016","02","22","15:00","-10.5","","-19.3","","49","","16","","9","","32.2","","98.21","","","","-15","","NA"
"2016-02-22 16:00","2016","02","22","16:00","-10.3","","-18.6","","51","","15","","11","","32.2","","98.18","","","","-16","","Mainly Clear"
"2016-02-22 17:00","2016","02","22","17:00","-10.4","","-19.2","","49","","16","","8","","32.2","","98.16","","","","-15","","NA"
"2016-02-22 18:00","2016","02","22","18:00","-11.2","","-18.8","","54","","18","","8","","32.2","","98.17","","","","-16","","NA"
"2016-02-22 19:00","2016","02","22","19:00","-11.2","","-18.8","","54","","14","","9","","24.1","","98.19","","","","-16","","Clear"
"2016-02-22 20:00","2016","02","22","20:00","-11.5","","-19.5","","52","","14","","11","","24.1","","98.16","","","","-17","","NA"
"2016-02-22 21:00","2016","02","22","21:00","-12.4","","-20.4","","52","","14","","14","","24.1","","98.16","","","","-19","","NA"
"2016-02-22 22:00","2016","02","22","22:00","-14.0","","-19.8","","62","","17","","18","","24.1","","98.18","","","","-22","","Mainly Clear"
"2016-02-22 23:00","2016","02","22","23:00","-13.8","","-19.4","","63","","15","","12","","24.1","","98.14","","","","-21","","NA"
"2016-02-23 00:00","2016","02","23","00:00","-13.6","","-19.6","","61","","16","","12","","24.1","","98.14","","","","-20","","NA"
"2016-02-23 01:00","2016","02","23","01:00","-13.6","","-19.2","","63","","15","","9","","24.1","","98.16","","","","-19","","Cloudy"
"2016-02-23 02:00","2016","02","23","02:00","-13.6","","-19.6","","61","","14","","7","","24.1","","98.17","","","","-18","","NA"
"2016-02-23 03:00","2016","02","23","03:00","-15.1","","-19.8","","68","","36","","1","","24.1","","98.17","","","","-16","","NA"
"2016-02-23 04:00","2016","02","23","04:00","-17.4","","-20.4","","78","","6","","7","","24.1","","98.11","","","","-23","","Mostly Cloudy"
"2016-02-23 05:00","2016","02","23","05:00","-16.5","","-18.9","","82","","8","","8","","24.1","","98.13","","","","-22","","NA"
"2016-02-23 06:00","2016","02","23","06:00","-15.8","","-18.8","","78","","7","","9","","24.1","","98.14","","","","-22","","NA"
"2016-02-23 07:00","2016","02","23","07:00","-14.9","","-18.7","","73","","7","","7","","32.2","","98.17","","","","-20","","Mostly Cloudy"
"2016-02-23 08:00","2016","02","23","08:00","-14.1","","-19.0","","67","","10","","8","","32.2","","98.16","","","","-19","","Snow"
"2016-02-23 09:00","2016","02","23","09:00","-13.2","","-18.1","","67","","8","","8","","9.7","","98.13","","","","-18","","Snow"
"2016-02-23 10:00","2016","02","23","10:00","-12.2","","-17.0","","68","","7","","9","","16.1","","98.14","","","","-17","","Snow Showers"
"2016-02-23 11:00","2016","02","23","11:00","-10.9","","-16.8","","62","","14","","14","","24.1","","98.14","","","","-18","","Snow Showers"
"2016-02-23 12:00","2016","02","23","12:00","-10.0","","-15.4","","65","","17","","8","","19.3","","98.18","","","","-14","","Snow Showers"
"2016-02-23 13:00","2016","02","23","13:00","-7.2","","-12.3","","67","","13","","4","","32.2","","98.11","","","","-9","","Snow Showers"
"2016-02-23 14:00","2016","02","23","14:00","-6.3","","-11.9","","65","","17","","9","","32.2","","98.06","","","","-11","","NA"
"2016-02-23 15:00","2016","02","23","15:00","-5.4","","-11.4","","63","","17","","13","","32.2","","98.03","","","","-11","","NA"
"2016-02-23 16:00","2016","02","23","16:00","-4.8","","-11.0","","62","","18","","12","","32.2","","98.01","","","","-10","","Cloudy"
"2016-02-23 17:00","2016","02","23","17:00","-4.8","","-10.6","","64","","16","","13","","32.2","","97.98","","","","-10","","NA"
"2016-02-23 18:00","2016","02","23","18:00","-5.0","","-10.4","","66","","16","","14","","32.2","","97.98","","","","-10","","NA"
"2016-02-23 19:00","2016","02","23","19:00","-5.5","","-10.7","","67","","14","","14","","24.1","","97.99","","","","-11","","Mostly Cloudy"
"2016-02-23 20:00","2016","02","23","20:00","-6.2","","-10.8","","70","","14","","10","","24.1","","97.98","","","","-11","","NA"
"2016-02-23 21:00","2016","02","23","21:00","-7.1","","-11.0","","74","","13","","9","","24.1","","97.99","","","","-11","","NA"
"2016-02-23 22:00","2016","02","23","22:00","-7.2","","-11.1","","74","","13","","9","","24.1","","97.97","","","","-12","","Mostly Cloudy"
"2016-02-23 23:00","2016","02","23","23:00","-6.8","","-10.9","","73","","14","","10","","24.1","","97.93","","","","-11","","NA"
"2016-02-24 00:00","2016","02","24","00:00","-7.1","","-11.0","","74","","12","","12","","24.1","","97.90","","","","-12","","NA"
"2016-02-24 01:00","2016","02","24","01:00","-6.7","","-10.8","","73","","13","","10","","24.1","","97.91","","","","-11","","Cloudy"
"2016-02-24 02:00","2016","02","24","02:00","-7.5","","-10.9","","77","","11","","11","","24.1","","97.90","","","","-13","","NA"
"2016-02-24 03:00","2016","02","24","03:00","-10.3","","-12.2","","86","","6","","11","","24.1","","97.80","","","","-16","","NA"
"2016-02-24 04:00","2016","02","24","04:00","-11.8","","-13.3","","89","","5","","14","","24.1","","97.73","","","","-19","","Cloudy"
"2016-02-24 05:00","2016","02","24","05:00","-12.3","","-13.9","","88","","7","","12","","24.1","","97.76","","","","-19","","NA"
"2016-02-24 06:00","2016","02","24","06:00","-12.8","","-14.4","","88","","4","","18","","24.1","","97.76","","","","-21","","NA"
"2016-02-24 07:00","2016","02","24","07:00","-13.2","","-14.7","","89","","4","","17","","32.2","","97.70","","","","-21","","Mainly Clear"
"2016-02-24 08:00","2016","02","24","08:00","-11.1","","-13.0","","86","","5","","17","","32.2","","97.66","","","","-19","","NA"
"2016-02-24 09:00","2016","02","24","09:00","-10.9","","-13.1","","84","","4","","21","","32.2","","97.59","","","","-19","","NA"
"2016-02-24 10:00","2016","02","24","10:00","-10.3","","-12.8","","82","","4","","22","","32.2","","97.49","","","","-19","","Mostly Cloudy"
"2016-02-24 11:00","2016","02","24","11:00","-7.7","","-11.9","","72","","4","","21","","32.2","","97.39","","","","-15","","NA"
"2016-02-24 12:00","2016","02","24","12:00","-3.5","","-11.8","","53","","6","","27","","32.2","","97.30","","","","-11","","NA"
"2016-02-24 13:00","2016","02","24","13:00","-2.5","","-10.6","","54","","5","","31","","32.2","","97.12","","","","-10","","Cloudy"
"2016-02-24 14:00","2016","02","24","14:00","-2.4","","-10.0","","56","","4","","33","","32.2","","96.93","","","","-10","","NA"
"2016-02-24 15:00","2016","02","24","15:00","-1.8","","-9.2","","57","","4","","31","","32.2","","96.80","","","","-9","","NA"
"2016-02-24 16:00","2016","02","24","16:00","-1.7","","-8.7","","59","","5","","37","","32.2","","96.68","","","","-9","","Blowing Snow"
"2016-02-24 17:00","2016","02","24","17:00","-2.0","","-8.3","","62","","4","","40","","24.1","","96.56","","","","-10","","Blowing Snow"
"2016-02-24 18:00","2016","02","24","18:00","-2.5","","-7.8","","67","","4","","43","","24.1","","96.47","","","","-11","","Blowing Snow"
"2016-02-24 19:00","2016","02","24","19:00","-3.4","","-5.6","","85","","3","","43","","4.8","","96.41","","","","-12","","Snow,Blowing Snow"
"2016-02-24 20:00","2016","02","24","20:00","-3.5","","-4.9","","90","","3","","44","","4.8","","96.22","","","","-12","","Snow,Blowing Snow"
"2016-02-24 21:00","2016","02","24","21:00","-3.4","","-4.7","","91","","3","","37","","4.8","","96.11","","","","-12","","Snow,Blowing Snow"
"2016-02-24 22:00","2016","02","24","22:00","-3.1","","-4.4","","91","","2","","39","","3.2","","96.05","","","","-11","","Snow,Blowing Snow"
"2016-02-24 23:00","2016","02","24","23:00","-3.5","","-4.3","","94","","1","","36","","1.2","","95.78","","","","-12","","Snow,Blowing Snow"
"2016-02-25 00:00","2016","02","25","00:00","-3.0","","-4.0","","93","","2","","40","","1.2","","95.75","","","","-11","","Snow,Blowing Snow"
"2016-02-25 01:00","2016","02","25","01:00","-3.1","","-3.9","","94","","2","","45","","1.2","","95.68","","","","-12","","Snow,Blowing Snow"
"2016-02-25 02:00","2016","02","25","02:00","-3.3","","-4.3","","93","","1","","45","","0.8","","95.55","","","","-12","","Moderate Snow,Blowing Snow"
"2016-02-25 03:00","2016","02","25","03:00","-3.9","","-5.2","","91","","1","","45","","1.2","","95.45","","","","-13","","Snow,Blowing Snow"
"2016-02-25 04:00","2016","02","25","04:00","-4.6","","-5.9","","91","","1","","40","","1.2","","95.44","","","","-14","","Snow,Blowing Snow"
"2016-02-25 05:00","2016","02","25","05:00","-5.2","","-6.7","","89","","36","","46","","1.2","","95.44","","","","-15","","Snow,Blowing Snow"
"2016-02-25 06:00","2016","02","25","06:00","-5.6","","-7.4","","87","","1","","35","","2.4","","95.48","","","","-14","","Snow,Blowing Snow"
"2016-02-25 07:00","2016","02","25","07:00","-6.6","","-8.4","","87","","36","","39","","2.4","","95.56","","","","-16","","Snow,Blowing Snow"
"2016-02-25 08:00","2016","02","25","08:00","-7.2","","-9.5","","84","","36","","39","","3.2","","95.68","","","","-17","","Snow,Blowing Snow"
"2016-02-25 09:00","2016","02","25","09:00","-7.5","","-10.5","","79","","36","","45","","24.1","","95.73","","","","-18","","Blowing Snow"
"2016-02-25 10:00","2016","02","25","10:00","-7.9","","-11.6","","75","","36","","40","","24.1","","95.78","","","","-18","","Blowing Snow"
"2016-02-25 11:00","2016","02","25","11:00","-7.9","","-12.3","","71","","36","","39","","32.2","","95.85","","","","-18","","Blowing Snow"
"2016-02-25 12:00","2016","02","25","12:00","-7.8","","-12.7","","68","","36","","30","","32.2","","95.90","","","","-17","","Blowing Snow"
"2016-02-25 13:00","2016","02","25","13:00","-7.4","","-14.1","","59","","35","","33","","32.2","","95.92","","","","-17","","Blowing Snow"
"2016-02-25 14:00","2016","02","25","14:00","-5.3","","-14.7","","48","","36","","29","","32.2","","95.96","","","","-13","","Blowing Snow"
"2016-02-25 15:00","2016","02","25","15:00","-5.8","","-15.4","","47","","35","","37","","32.2","","95.98","","","","-15","","Blowing Snow"
"2016-02-25 16:00","2016","02","25","16:00","-6.6","","-14.9","","52","","33","","32","","32.2","","96.14","","","","-15","","Mainly Clear"
"2016-02-25 17:00","2016","02","25","17:00","-8.0","","-16.0","","53","","35","","44","","32.2","","96.23","","","","-18","","Blowing Snow"
"2016-02-25 18:00","2016","02","25","18:00","-9.6","","-17.1","","55","","34","","22","","32.2","","96.42","","","","-18","","Blowing Snow"
"2016-02-25 19:00","2016","02","25","19:00","-10.5","","-17.5","","57","","34","","24","","24.1","","96.52","","","","-19","","Blowing Snow"
"2016-02-25 20:00","2016","02","25","20:00","-11.7","","-17.6","","62","","35","","31","","24.1","","96.63","","","","-22","","Blowing Snow"
"2016-02-25 21:00","2016","02","25","21:00","-12.5","","-18.0","","64","","35","","37","","24.1","","96.71","","","","-24","","Blowing Snow"
"2016-02-25 22:00","2016","02","25","22:00","-13.2","","-18.5","","65","","35","","24","","24.1","","96.79","","","","-23","","Blowing Snow"
"2016-02-25 23:00","2016","02","25","23:00","-13.9","","-19.0","","66","","35","","27","","24.1","","96.88","","","","-24","","Blowing Snow"
"2016-02-26 00:00","2016","02","26","00:00","-14.5","","-19.4","","67","","35","","22","","24.1","","96.92","","","","-24","","Blowing Snow"
"2016-02-26 01:00","2016","02","26","01:00","-15.3","","-19.4","","71","","33","","17","","24.1","","96.91","","","","-24","","Mainly Clear"
"2016-02-26 02:00","2016","02","26","02:00","-15.8","","-19.6","","73","","33","","18","","24.1","","96.94","","","","-25","","NA"
"2016-02-26 03:00","2016","02","26","03:00","-15.9","","-19.4","","75","","34","","22","","24.1","","96.99","","","","-26","","NA"
"2016-02-26 04:00","2016","02","26","04:00","-16.7","","-19.8","","77","","33","","18","","24.1","","97.04","","","","-26","","Mainly Clear"
"2016-02-26 05:00","2016","02","26","05:00","-16.9","","-20.2","","76","","32","","17","","24.1","","97.14","","","","-26","","NA"
"2016-02-26 06:00","2016","02","26","06:00","-17.7","","-20.8","","77","","33","","18","","24.1","","97.20","","","","-27","","NA"
"2016-02-26 07:00","2016","02","26","07:00","-17.6","","-20.7","","77","","34","","23","","32.2","","97.27","","","","-28","","Mainly Clear"
"2016-02-26 08:00","2016","02","26","08:00","-17.8","","-21.4","","74","","34","","17","","32.2","","97.38","","","","-27","","NA"
"2016-02-26 09:00","2016","02","26","09:00","-16.8","","-21.1","","70","","34","","16","","32.2","","97.45","","","","-25","","NA"
"2016-02-26 10:00","2016","02","26","10:00","-16.1","","-21.3","","65","","31","","11","","32.2","","97.50","","","","-23","","Clear"
"2016-02-26 11:00","2016","02","26","11:00","-14.4","","-21.0","","58","","30","","11","","32.2","","97.55","","","","-21","","NA"
"2016-02-26 12:00","2016","02","26","12:00","-13.0","","-21.2","","51","","29","","5","","32.2","","97.56","","","","-16","","NA"
"2016-02-26 13:00","2016","02","26","13:00","-11.5","","-20.5","","48","","21","","7","","32.2","","97.50","","","","-16","","Mainly Clear"
"2016-02-26 14:00","2016","02","26","14:00","-10.6","","-20.1","","46","","21","","14","","32.2","","97.45","","","","-17","","NA"
"2016-02-26 15:00","2016","02","26","15:00","-9.0","","-20.3","","40","","24","","15","","32.2","","97.42","","","","-16","","NA"
"2016-02-26 16:00","2016","02","26","16:00","-8.5","","-18.2","","46","","20","","14","","32.2","","97.37","","","","-15","","Mainly Clear"
"2016-02-26 17:00","2016","02","26","17:00","-7.8","","-18.9","","41","","22","","16","","32.2","","97.31","","","","-14","","NA"
"2016-02-26 18:00","2016","02","26","18:00","-9.6","","-18.0","","51","","19","","16","","32.2","","97.25","","","","-16","","NA"
"2016-02-26 19:00","2016","02","26","19:00","-10.1","","-17.3","","56","","21","","21","","24.1","","97.28","","","","-18","","Clear"
"2016-02-26 20:00","2016","02","26","20:00","-11.7","","-17.2","","64","","20","","18","","24.1","","97.25","","","","-20","","NA"
"2016-02-26 21:00","2016","02","26","21:00","-11.9","","-16.9","","67","","21","","16","","24.1","","97.20","","","","-19","","NA"
"2016-02-26 22:00","2016","02","26","22:00","-12.8","","-16.7","","73","","21","","16","","24.1","","97.14","","","","-20","","Clear"
"2016-02-26 23:00","2016","02","26","23:00","-11.0","","-14.4","","76","","21","","16","","24.1","","97.03","","","","-18","","Snow"
"2016-02-27 00:00","2016","02","27","00:00","-10.4","","-13.2","","80","","22","","14","","24.1","","96.94","","","","-17","","Snow"
"2016-02-27 01:00","2016","02","27","01:00","-9.0","","-11.7","","81","","22","","15","","24.1","","96.88","","","","-16","","Snow"
"2016-02-27 02:00","2016","02","27","02:00","-7.2","","-10.4","","78","","20","","27","","24.1","","96.71","","","","-15","","Snow"
"2016-02-27 03:00","2016","02","27","03:00","-6.1","","-9.7","","76","","21","","25","","24.1","","96.60","","","","-14","","Snow"
"2016-02-27 04:00","2016","02","27","04:00","-4.7","","-8.8","","73","","22","","32","","24.1","","96.46","","","","-13","","Cloudy"
"2016-02-27 05:00","2016","02","27","05:00","-4.3","","-8.1","","75","","22","","28","","24.1","","96.38","","","","-12","","Snow"
"2016-02-27 06:00","2016","02","27","06:00","-3.9","","-7.4","","77","","22","","35","","24.1","","96.24","","","","-12","","Snow"
"2016-02-27 07:00","2016","02","27","07:00","-3.5","","-6.8","","78","","22","","37","","24.1","","96.17","","","","-12","","Snow,Blowing Snow"
"2016-02-27 08:00","2016","02","27","08:00","-3.3","","-6.3","","80","","21","","34","","32.2","","96.10","","","","-11","","Snow,Blowing Snow"
"2016-02-27 09:00","2016","02","27","09:00","-2.9","","-5.7","","81","","22","","37","","32.2","","96.01","","","","-11","","Snow,Blowing Snow"
"2016-02-27 10:00","2016","02","27","10:00","-2.3","","-5.0","","82","","22","","37","","32.2","","95.93","","","","-10","","Snow,Blowing Snow"
"2016-02-27 11:00","2016","02","27","11:00","-1.5","","-4.0","","83","","23","","33","","24.1","","95.88","","","","-9","","Snow,Blowing Snow"
"2016-02-27 12:00","2016","02","27","12:00","-0.9","","-3.3","","84","","22","","36","","24.1","","95.80","","","","-8","","Snow,Blowing Snow"
"2016-02-27 13:00","2016","02","27","13:00","-0.5","","-2.9","","84","","22","","34","","16.1","","95.72","","","","-8","","Snow,Blowing Snow"
"2016-02-27 14:00","2016","02","27","14:00","0.1","","-2.5","","83","","23","","29","","19.3","","95.66","","","","","","Snow,Blowing Snow"
"2016-02-27 15:00","2016","02","27","15:00","0.8","","-2.1","","81","","23","","29","","16.1","","95.65","","","","","","Snow,Blowing Snow"
"2016-02-27 16:00","2016","02","27","16:00","1.5","","-1.8","","79","","23","","27","","32.2","","95.62","","","","","","Snow"
"2016-02-27 17:00","2016","02","27","17:00","2.1","","-1.7","","76","","23","","23","","24.1","","95.72","","","","","","NA"
"2016-02-27 18:00","2016","02","27","18:00","1.6","","-1.8","","78","","23","","15","","24.1","","95.77","","","","","","NA"
"2016-02-27 19:00","2016","02","27","19:00","1.3","","-1.8","","80","","24","","21","","24.1","","95.87","","","","","","Cloudy"
"2016-02-27 20:00","2016","02","27","20:00","1.6","","-1.7","","79","","25","","13","","24.1","","95.98","","","","","","NA"
"2016-02-27 21:00","2016","02","27","21:00","-2.8","","-5.6","","81","","2","","30","","16.1","","96.18","","","","-10","","Snow,Blowing Snow"
"2016-02-27 22:00","2016","02","27","22:00","-4.6","","-7.7","","79","","2","","28","","24.1","","96.30","","","","-12","","Snow,Blowing Snow"
"2016-02-27 23:00","2016","02","27","23:00","-5.2","","-8.3","","79","","2","","22","","16.1","","96.39","","","","-12","","Snow,Blowing Snow"
"2016-02-28 00:00","2016","02","28","00:00","-7.7","","-10.1","","83","","4","","28","","3.2","","96.53","","","","-16","","Snow,Blowing Snow"
"2016-02-28 01:00","2016","02","28","01:00","-9.3","","-11.5","","84","","5","","26","","3.2","","96.60","","","","-18","","Snow,Blowing Snow"
"2016-02-28 02:00","2016","02","28","02:00","-10.6","","-13.9","","77","","5","","22","","6.4","","96.63","","","","-19","","Snow,Blowing Snow"
"2016-02-28 03:00","2016","02","28","03:00","-11.4","","-15.0","","75","","4","","27","","9.7","","96.65","","","","-21","","Snow,Blowing Snow"
"2016-02-28 04:00","2016","02","28","04:00","-12.1","","-14.4","","83","","3","","24","","3.2","","96.61","","","","-21","","Snow,Blowing Snow"
"2016-02-28 05:00","2016","02","28","05:00","-12.4","","-14.9","","82","","5","","26","","4.0","","96.65","","","","-22","","Snow,Blowing Snow"
"2016-02-28 06:00","2016","02","28","06:00","-12.7","","-15.2","","82","","6","","22","","3.2","","96.68","","","","-22","","Snow,Blowing Snow"
"2016-02-28 07:00","2016","02","28","07:00","-13.5","","-16.4","","79","","6","","32","","3.2","","96.62","","","","-24","","Snow,Blowing Snow"
"2016-02-28 08:00","2016","02","28","08:00","-13.9","","-16.3","","82","","6","","23","","1.6","","96.68","","","","-23","","Snow,Blowing Snow"
"2016-02-28 09:00","2016","02","28","09:00","-14.0","","-16.9","","79","","6","","25","","4.0","","96.63","","","","-24","","Snow,Blowing Snow"
"2016-02-28 10:00","2016","02","28","10:00","-14.2","","-16.9","","80","","6","","26","","1.6","","96.60","","","","-24","","Snow,Blowing Snow"
"2016-02-28 11:00","2016","02","28","11:00","-14.0","","-16.4","","82","","6","","23","","0.8","","96.50","","","","-24","","Snow,Blowing Snow"
"2016-02-28 12:00","2016","02","28","12:00","-13.8","","-16.2","","82","","4","","33","","1.0","","96.43","","","","-25","","Snow"
"2016-02-28 13:00","2016","02","28","13:00","-13.7","","-15.9","","84","","4","","37","","0.8","","96.25","","","","-25","","Snow,Blowing Snow"
"2016-02-28 14:00","2016","02","28","14:00","-13.2","","-15.5","","83","","5","","34","","0.8","","96.14","","","","-24","","Snow,Blowing Snow"
"2016-02-28 15:00","2016","02","28","15:00","-12.8","","-15.1","","83","","5","","29","","3.2","","96.04","","","","-23","","Snow,Blowing Snow"
"2016-02-28 16:00","2016","02","28","16:00","-12.7","","-15.0","","83","","6","","36","","3.2","","95.91","","","","-24","","Snow,Blowing Snow"
"2016-02-28 17:00","2016","02","28","17:00","-12.9","","-14.9","","85","","4","","29","","4.8","","96.00","","","","-23","","Snow,Blowing Snow"
"2016-02-28 18:00","2016","02","28","18:00"
"2016-02-28 19:00","2016","02","28","19:00","-13.2","","-15.4","","84","","6","","26","","4.0","","95.78","","","","-23","","Snow,Blowing Snow"
"2016-02-28 20:00","2016","02","28","20:00","-13.3","","-15.5","","84","","5","","28","","1.6","","95.64","","","","-24","","Snow,Blowing Snow"
"2016-02-28 21:00","2016","02","28","21:00","-13.4","","-15.3","","86","","4","","26","","1.6","","95.58","","","","-23","","Snow,Blowing Snow"
"2016-02-28 22:00","2016","02","28","22:00","-13.6","","-15.5","","86","","3","","22","","3.2","","95.51","","","","-23","","Snow,Blowing Snow"
"2016-02-28 23:00","2016","02","28","23:00","-13.9","","-16.2","","83","","1","","22","","3.2","","95.46","","","","-23","","Snow,Blowing Snow"
"2016-02-29 00:00","2016","02","29","00:00","-14.1","","-16.4","","83","","1","","26","","3.2","","95.41","","","","-24","","Snow,Blowing Snow"
"2016-02-29 01:00","2016","02","29","01:00","-14.5","","-16.9","","82","","36","","17","","3.2","","95.43","","","","-23","","Snow,Blowing Snow"
"2016-02-29 02:00","2016","02","29","02:00","-14.9","","-17.5","","81","","34","","15","","24.1","","95.49","","","","-23","","Snow"
"2016-02-29 03:00","2016","02","29","03:00","-15.6","","-18.3","","80","","34","","19","","24.1","","95.50","","","","-25","","Snow"
"2016-02-29 04:00","2016","02","29","04:00","-16.6","","-19.3","","80","","34","","14","","24.1","","95.54","","","","-25","","Mainly Clear"
"2016-02-29 05:00","2016","02","29","05:00","-17.9","","-19.8","","85","","28","","7","","24.1","","95.60","","","","-23","","NA"
"2016-02-29 06:00","2016","02","29","06:00","-18.6","","-20.8","","83","","27","","11","","24.1","","95.73","","","","-26","","NA"
"2016-02-29 07:00","2016","02","29","07:00","-19.5","","-21.6","","84","","27","","10","","32.2","","95.75","","","","-27","","Mainly Clear"
"2016-02-29 08:00","2016","02","29","08:00","-18.1","","-20.5","","82","","23","","13","","32.2","","95.77","","","","-26","","NA"
"2016-02-29 09:00","2016","02","29","09:00","-15.4","","-18.3","","79","","22","","12","","16.1","","95.72","","","","-22","","Snow"
"2016-02-29 10:00","2016","02","29","10:00","-14.9","","-17.2","","83","","17","","18","","4.8","","95.61","","","","-24","","Snow"
"2016-02-29 11:00","2016","02","29","11:00","-13.3","","-15.3","","85","","17","","23","","3.2","","95.44","","","","-23","","Snow"
"2016-02-29 12:00","2016","02","29","12:00","-11.1","","-13.2","","85","","19","","20","","2.4","","95.36","","","","-19","","Snow,Blowing Snow"
"2016-02-29 13:00","2016","02","29","13:00","-8.7","","-10.5","","87","","20","","13","","1.0","","95.22","","","","-15","","Snow,Blowing Snow"
"2016-02-29 14:00","2016","02","29","14:00","-6.1","","-8.1","","86","","27","","21","","2.4","","95.34","","","","-13","","Snow,Blowing Snow"
"2016-02-29 15:00","2016","02","29","15:00","-9.8","","-14.7","","68","","31","","63","","4.8","","95.68","","","","-23","","Snow,Blowing Snow"
"2016-02-29 16:00","2016","02","29","16:00","-11.8","","-17.9","","61","","31","","46","","8.1","","96.10","","","","-24","","Snow,Blowing Snow"
"2016-02-29 17:00","2016","02","29","17:00","-13.0","","-19.0","","61","","32","","42","","24.1","","96.39","","","","-25","","Blowing Snow"
"2016-02-29 18:00","2016","02","29","18:00","-14.0","","-19.1","","66","","33","","36","","24.1","","96.70","","","","-26","","Blowing Snow"
"2016-02-29 19:00","2016","02","29","19:00","-15.4","","-21.0","","63","","32","","28","","24.1","","96.95","","","","-26","","Blowing Snow"
"2016-02-29 20:00","2016","02","29","20:00","-16.5","","-22.0","","63","","32","","20","","24.1","","97.18","","","","-26","","Blowing Snow"
"2016-02-29 21:00","2016","02","29","21:00","-18.6","","-23.0","","69","","30","","10","","24.1","","97.37","","","","-26","","NA"
"2016-02-29 22:00","2016","02","29","22:00","-19.6","","-23.1","","74","","31","","9","","24.1","","97.50","","","","-26","","Clear"
"2016-02-29 23:00","2016","02","29","23:00","-20.5","","-24.0","","74","","33","","8","","24.1","","97.54","","","","-27","","NA"
